Symbol,Full Name,GICS Sector,GICS Sub-Industry,environmentScore,socialScore,governanceScore,totalEsg,highestControversy,percentile,ratingYear,ratingMonth,marketCap,beta,overallRisk,Close_2023,marketCap,Working Capital,totalDebt,totalAssets,retainedEarnings,EBIT,totalRevenue,Interpretation
A,Agilent Technologies,Health Care,Life Sciences Tools & Services,1.12,6.42,6.1,13.64,2,7.98,2023,9,39751831552,1.054,8,138.0719757,42081701888,2447000000,3390000000,11846000000,750000000,1617000000,6510000000,Low Risk of Bankruptcy
AAL,American Airlines Group,Industrials,Passenger Airlines,9.94,11.65,4.76,26.35,2,54.48,2023,9,7335383552,1.433,10,13.73999977,10941437952,909000000,40663000000,63058000000,-7689000000,3266000000,52788000000,High Risk of Bankruptcy
AAPL,Apple Inc.,Information Technology,"Technology Hardware, Storage & Peripherals",0.46,7.39,9.37,17.22,3,17.82,2023,9,3.30E+12,1.24,1,191.5913849,3.45E+12,-10190000000,1.07E+11,3.65E+11,-19154000000,1.23E+11,3.91E+11,Low Risk of Bankruptcy
ABBV,AbbVie,Health Care,Biotechnology,2.38,17.19,10.36,29.93,3,68.62,2023,9,3.42E+11,0.619,6,148.1081543,3.38E+11,25213000000,59385000000,1.35E+11,-1000000000,8474000000,54318000000,Low Risk of Bankruptcy
ABT,Abbott Laboratories,Health Care,Health Care Equipment,2.27,14.24,8.33,24.83,3,48.27,2023,9,2.06E+11,0.722,7,107.3530502,2.25E+11,11422000000,15628000000,73214000000,37554000000,7301000000,40109000000,Low Risk of Bankruptcy
ACGL,Arch Capital Group,Financials,Property & Casualty Insurance,1.47,10.1,10.89,22.46,2,37.87,2023,9,42855567360,0.596,5,70.62322998,34922782720,10622000000,2726000000,58906000000,20295000000,3518000000,13294000000,Low Risk of Bankruptcy
ACN,Accenture,Information Technology,IT Consulting & Other Services,0.82,4.61,4.41,9.84,2,2.63,2023,9,2.11E+11,1.239,2,345.3582153,2.45E+11,18108578000,4120549000,55932363000,23082423000,9758292000,64896464000,Low Risk of Bankruptcy
ADBE,Adobe Inc.,Information Technology,Application Software,1.94,5.99,5.15,13.08,2,6.85,2023,9,2.31E+11,1.296,1,596.5999756,1.93E+11,10430000000,6056000000,30230000000,38470000000,7100000000,21505000000,Low Risk of Bankruptcy
ADI,Analog Devices,Information Technology,Semiconductors,9.27,6.68,6.98,22.92,1,39.7,2023,9,1.12E+11,1.073,9,195.247879,1.02E+11,3140833000,7649817000,48228277000,10196612000,2099567000,9427157000,Low Risk of Bankruptcy
ADM,Archer Daniels Midland,Consumer Staples,Agricultural Products & Services,16.64,10.15,5.01,31.79,3,74.94,2023,9,28908466176,0.714,4,69.70472717,22168805376,617000000,9596000000,54631000000,23465000000,4941000000,93935000000,Low Risk of Bankruptcy
ADP,Automatic Data Processing,Industrials,Human Resource & Employment Services,2.8,5.54,5.49,13.82,1,8.36,2023,9,1.14E+11,0.802,2,227.9650726,1.24E+11,-32058100000,3705300000,54362700000,23622200000,5233700000,18177900000,Low Risk of Bankruptcy
ADSK,Autodesk,Information Technology,Application Software,3.68,8.19,4.89,16.76,0,16.44,2023,9,57698152448,1.476,2,243.4799957,66081521664,3114000000,2666000000,9438000000,-1995000000,989000000,5005000000,Low Risk of Bankruptcy
AEE,Ameren,Utilities,Multi-Utilities,12.85,9.07,5.25,27.17,2,57.57,2023,9,22804828160,0.458,7,69.93228149,25723852800,-350000000,16506000000,40830000000,4136000000,1906000000,7500000000,High Risk of Bankruptcy
AEP,American Electric Power,Utilities,Electric Utilities,12.66,8.1,5.38,26.14,2,53.69,2023,9,55846035456,0.533,2,78.04114532,52686655488,208700000,43608500000,96684000000,12800400000,4015600000,18982300000,High Risk of Bankruptcy
AES,AES Corporation,Utilities,Independent Power Producers & Energy Traders,13.26,8.18,5.26,26.69,2,55.64,2023,9,13678178304,1.062,4,18.20091629,7504890368,561000000,26878000000,44799000000,-1386000000,1423000000,12668000000,High Risk of Bankruptcy
AFL,Aflac,Financials,Life & Health Insurance,0.3,9.14,8.9,18.33,1,21.68,2023,9,61698056192,0.949,6,80.75900269,59227615232,5154000000,7364000000,1.27E+11,47993000000,5457000000,18841000000,Low Risk of Bankruptcy
AIG,American International Group,Financials,Multi-line Insurance,1.65,9.67,12.86,24.18,2,45.53,2023,9,47394791424,1.075,2,66.33162689,45597515776,12716000000,22387000000,5.39E+11,37516000000,4994000000,47251000000,High Risk of Bankruptcy
AIZ,Assurant,Financials,Multi-line Insurance,1.63,10.82,11.66,24.11,2,45.18,2023,9,10138020864,0.563,1,165.2533417,10963707904,8122900000,2080400000,33635200000,4028200000,914800000,11131600000,Low Risk of Bankruptcy
AJG,Arthur J. Gallagher & Co.,Financials,Insurance Brokers,0.09,10.92,10.15,21.16,2,32.55,2023,9,65631498240,0.729,7,222.899704,78114684928,0,8317200000,51615800000,4052900000,1481800000,10071900000,Low Risk of Bankruptcy
AKAM,Akamai Technologies,Information Technology,Internet Services & Infrastructure,3,7.09,6.93,17.01,1,17.19,2023,9,15044968448,0.676,3,118.3499985,15004673024,1102370000,4535979000,9900037000,2467980000,670236000,3811920000,Low Risk of Bankruptcy
ALB,Albemarle Corporation,Materials,Specialty Chemicals,15.39,4.85,6.33,26.57,2,55.2,2023,9,10556814336,1.543,7,142.2716675,9426402304,1193846000,4280444000,18270652000,6987015000,362810000,9617203000,Moderate Risk of Bankruptcy
ALL,Allstate,Financials,Property & Casualty Insurance,1.03,10.13,10.88,22.04,2,36.23,2023,9,50315587584,0.477,4,137.1120453,50914996224,19575000000,7942000000,1.03E+11,49716000000,31000000,57094000000,Low Risk of Bankruptcy
ALLE,Allegion,Industrials,Building Products,10.9,5.84,5.04,21.78,0,35.28,2023,9,12491554816,1.123,6,125.3036575,11155636224,0,2015000000,4311500000,1578900000,710300000,3650800000,Low Risk of Bankruptcy
AMAT,Applied Materials,Information Technology,Semiconductor Materials & Equipment,4.49,2.97,5.28,12.74,1,6.15,2023,9,1.55E+11,1.541,1,160.8142548,1.43E+11,12781000000,6606000000,34409000000,49651000000,8399000000,27176000000,Low Risk of Bankruptcy
AME,Ametek,Industrials,Electrical Components & Equipment,8.65,8.51,6.73,23.9,1,44.04,2023,9,39030026240,1.173,8,163.8573303,41953488896,1175609000,3374402000,15023533000,9940343000,1688207000,6596950000,Low Risk of Bankruptcy
AMGN,Amgen,Health Care,Biotechnology,0.73,13.48,7.75,21.96,3,35.92,2023,9,1.79E+11,0.605,2,279.5724487,1.63E+11,17577000000,64613000000,97154000000,-26549000000,10730000000,28190000000,Moderate Risk of Bankruptcy
AMP,Ameriprise Financial,Financials,Asset Management & Custody Banks,2.08,7.83,10.34,20.27,2,28.96,2023,9,44403879936,1.346,5,374.6915588,51821977600,22670000000,5755000000,1.75E+11,21905000000,3558000000,15535000000,Low Risk of Bankruptcy
AMT,American Tower,Real Estate,Telecom Tower REITs,2.9,2.85,5.16,10.9,1,3.52,2023,9,1.12E+11,0.83,1,208.8089447,87116685312,3134900000,47154800000,66027600000,-3638800000,2919500000,11144200000,High Risk of Bankruptcy
AMZN,Amazon,Consumer Discretionary,Broadline Retail,6,15.39,9.22,30.61,3,71.14,2023,9,1.96E+12,1.146,9,151.9400024,2.48E+12,40659000000,1.36E+11,5.28E+11,1.14E+11,40739000000,5.75E+11,Low Risk of Bankruptcy
ANET,Arista Networks,Information Technology,Communications Equipment,0.4,8.88,7.39,16.67,1,16.21,2023,9,1.13E+11,1.073,10,58.87749863,1.43E+11,0,0,9946806000,5114025000,2257249000,5860168000,High Risk of Bankruptcy
ANSS,Ansys,Information Technology,Application Software,3.51,7.32,5.07,15.89,0,13.72,2023,9,27723399168,1.114,2,362.8800049,30383628288,2026606000,854396000,7322875000,5283342000,639283000,2269949000,Low Risk of Bankruptcy
AOS,A. O. Smith,Industrials,Building Products,7.15,11.87,6.42,25.44,1,50.86,2023,9,11915595776,1.147,10,80.71995544,9454399488,379000000,155200000,3213900000,3258100000,745500000,3852800000,Low Risk of Bankruptcy
APA,APA Corporation,Energy,Oil & Gas Exploration & Production,21.98,8.88,7.96,38.81,2,82.83,2021,3,9340100608,3.243,9,34.32273483,8212824064,925000000,5304000000,15244000000,-2959000000,3210000000,8279000000,Moderate Risk of Bankruptcy
APD,Air Products,Materials,Industrial Gases,7.42,1.5,3.35,12.26,1,5.41,2023,9,64722276352,0.828,7,266.6997681,74300162048,3718300000,15006100000,39574600000,19545700000,5040000000,12100600000,Low Risk of Bankruptcy
APH,Amphenol,Information Technology,Electronic Components,7.32,4.64,7.6,19.57,2,26.41,2023,9,77062520832,1.246,8,49.14990234,83886342144,3132100000,4337300000,16526400000,5921100000,2594300000,12554700000,Low Risk of Bankruptcy
APTV,Aptiv,Consumer Discretionary,Automotive Parts & Equipment,1.45,3.94,5.26,10.66,1,3.23,2023,9,16498891776,1.793,6,89.72000122,14299590656,2368000000,6787000000,24427000000,8162000000,1622000000,20051000000,Moderate Risk of Bankruptcy
ARE,Alexandria Real Estate Equities,Real Estate,Office REITs,3.91,3.66,6.32,13.89,0,8.53,2023,9,21814970368,1.173,9,121.0827713,16436815872,185801000,12751501000,37527449000,0,696571000,3116394000,High Risk of Bankruptcy
ATO,Atmos Energy,Utilities,Gas Utilities,14.83,13.42,6.36,34.61,2,82.5,2023,9,21445437440,0.67,8,112.9046783,22483347456,111431000,8129213000,25194465000,4216619000,1426408000,4165187000,Moderate Risk of Bankruptcy
AVB,AvalonBay Communities,Real Estate,Multi-Family Residential REITs,2.96,2.05,4.75,9.76,1,2.56,2023,9,33116518400,0.986,6,181.1299286,31697514496,0,8135054000,20678214000,478156000,1144583000,2767909000,Moderate Risk of Bankruptcy
AVGO,Broadcom,Information Technology,Semiconductors,7.34,6,6.64,19.98,3,27.91,2023,9,7.59E+11,1.183,9,110.1414642,1.07E+12,13639000000,67566000000,1.66E+11,0,13869000000,51574000000,Low Risk of Bankruptcy
AVY,Avery Dennison,Materials,Paper & Plastic Packaging Products & Materials,11.42,0.95,3.71,16.07,1,14.23,2023,9,17797928960,0.895,7,198.9634094,14665226240,211400000,3244300000,8209800000,4691800000,813700000,8364300000,Low Risk of Bankruptcy
AWK,American Water Works,Utilities,Water Utilities,9.04,7.58,5,21.62,1,34.43,2023,9,29209964544,0.691,2,129.0494843,24201936896,697000000,12442000000,30298000000,1659000000,1656000000,4234000000,High Risk of Bankruptcy
AXP,American Express,Financials,Consumer Finance,0.05,8.85,9.7,18.61,2,22.7,2023,9,1.89E+11,1.212,3,184.6891327,2.24E+11,0,49159000000,2.61E+11,19612000000,0,60363000000,Low Risk of Bankruptcy
AZO,AutoZone,Consumer Discretionary,Automotive Retail,0.11,7.07,3.83,11.02,2,3.67,2023,9,52974329856,0.709,6,2585.610107,58138238976,-6365512000,12366969000,17176538000,-4424982000,3800020000,18490268000,Low Risk of Bankruptcy
BA,Boeing,Industrials,Aerospace & Defense,8.84,22.48,8.29,39.6,4,91.3,2023,9,96371113984,1.575,9,260.6600037,1.34E+11,8969000000,54188000000,1.56E+11,15362000000,-9485000000,66517000000,Moderate Risk of Bankruptcy
BAC,Bank of America,Financials,Diversified Banks,1.73,15.09,11.48,28.3,3,62.26,2023,9,3.07E+11,1.34,2,32.83444595,3.57E+11,4.38E+11,3.34E+11,3.18E+12,2.25E+11,0,98581000000,High Risk of Bankruptcy
BALL,Ball Corporation,Materials,"Metal, Glass & Plastic Containers",7.6,0.76,3.74,12.1,2,5.17,2023,9,20405639168,0.878,8,56.80913925,15682285568,-1463000000,8569000000,19303000000,7763000000,1273000000,14029000000,Moderate Risk of Bankruptcy
BAX,Baxter International,Health Care,Health Care Equipment,2.83,13.6,7.14,23.57,3,42.59,2023,9,20539770880,0.593,4,37.57523346,16080969728,4973000000,14364000000,28276000000,16114000000,409000000,14813000000,Moderate Risk of Bankruptcy
BBWI,"Bath & Body Works, Inc.",Consumer Discretionary,Other Specialty Retail,12.17,10.25,5.88,28.3,2,62.27,2023,9,6389305856,1.753,8,42.26062393,8395801088,0,5573000000,5463000000,-1838000000,1366000000,7429000000,Moderate Risk of Bankruptcy
BBY,Best Buy,Consumer Discretionary,Computer & Electronics Retail,2.4,9.09,4.4,15.89,2,13.69,2023,9,21360842752,1.479,1,75.03154755,18183071744,-1698000000,3982000000,14967000000,2683000000,1673000000,43452000000,Low Risk of Bankruptcy
BDX,Becton Dickinson,Health Care,Health Care Equipment,3.04,13.65,7.13,23.82,3,43.69,2023,9,67647401984,0.447,10,239.761734,70740205568,0,20110000000,57286000000,16139000000,2533000000,20178000000,Low Risk of Bankruptcy
BEN,Franklin Templeton,Financials,Asset Management & Custody Banks,1.12,9.88,7.3,18.3,2,21.58,2023,9,10643009536,1.408,7,27.87384224,10859976704,4475200000,13086900000,32464500000,11927600000,920400000,8478000000,High Risk of Bankruptcy
BG,Bunge Global,Consumer Staples,Agricultural Products & Services,14.39,13.26,5.27,32.92,3,78.24,2023,9,13837887488,0.637,3,98.1053009,9930272768,880000000,5756000000,25372000000,12077000000,3567000000,59540000000,Low Risk of Bankruptcy
BIIB,Biogen,Health Care,Biotechnology,0.42,14.46,7.37,22.24,3,37.02,2023,9,29071065088,-0.057,3,258.769989,21295376384,3090200000,7338200000,26844800000,17627600000,1543700000,9835600000,Low Risk of Bankruptcy
BIO,Bio-Rad Laboratories,Health Care,Life Sciences Tools & Services,1.21,9.18,7,17.4,1,18.38,2023,9,9264203776,0.947,10,322.8900146,9746696192,612640000,1405443000,12299070000,9260629000,-800665000,2671262000,Low Risk of Bankruptcy
BK,BNY Mellon,Financials,Asset Management & Custody Banks,1.13,9.86,9.94,20.93,2,31.45,2023,9,52254806016,1.067,1,50.30207825,61286281216,1.15E+11,31736000000,4.10E+11,39653000000,0,17293000000,High Risk of Bankruptcy
BKNG,Booking Holdings,Consumer Discretionary,"Hotels, Resorts & Cruise Lines",0.98,10.13,8.13,19.23,3,25.19,2023,9,1.36E+11,1.4,1,3516.045166,1.56E+11,12978000000,14783000000,24342000000,31830000000,6378000000,21365000000,Low Risk of Bankruptcy
BLK,BlackRock,Financials,Asset Management & Custody Banks,0.9,7.36,9.99,18.25,2,21.43,2023,9,1.34E+11,1.317,9,792.8668823,1.58E+11,12652000000,9702000000,1.23E+11,32343000000,7447000000,17859000000,Low Risk of Bankruptcy
BMY,Bristol Myers Squibb,Health Care,Pharmaceuticals,1.31,14.37,7.07,22.74,2,39.01,2023,9,1.00E+11,0.458,4,48.30725479,1.21E+11,13480000000,41464000000,95159000000,28766000000,9606000000,45006000000,Low Risk of Bankruptcy
BR,Broadridge Financial Solutions,Industrials,Data Processing & Outsourced Services,4.19,7.5,4.94,16.63,2,16.04,2023,9,24700252160,1.059,3,202.4949951,28345511936,1226900000,3576900000,8242400000,3435100000,1027600000,6506800000,Low Risk of Bankruptcy
BRO,Brown & Brown,Financials,Insurance Brokers,0.13,9.77,10.58,20.48,1,29.78,2023,9,29438932992,0.829,4,70.68801117,30311548928,-176900000,4019600000,14883400000,5288500000,1343800000,4199400000,Low Risk of Bankruptcy
BSX,Boston Scientific,Health Care,Health Care Equipment,2.36,11.85,8.89,23.11,2,40.67,2023,9,1.23E+11,0.797,8,57.81000137,1.56E+11,2156000000,9492000000,35136000000,819000000,2250000000,14240000000,Low Risk of Bankruptcy
BWA,BorgWarner,Consumer Discretionary,Automotive Parts & Equipment,2.67,4.21,5.71,12.59,2,5.92,2023,9,7493600256,1.182,1,35.3829422,6816879104,2013000000,3929000000,14453000000,6152000000,1064000000,14198000000,Low Risk of Bankruptcy
BX,Blackstone Inc.,Financials,Asset Management & Custody Banks,2.52,9.57,11.29,23.39,2,41.78,2023,9,1.89E+11,1.5,10,127.65168,2.09E+11,5338494000,12293882000,40287530000,660734000,0,7006649000,Low Risk of Bankruptcy
BXP,"BXP, Inc.",Real Estate,Office REITs,2.54,4.52,5.45,12.51,1,5.77,2023,9,14431182848,1.199,10,66.22692108,12724709376,2654964000,16624649000,26026149000,-816152000,870996000,3273569000,High Risk of Bankruptcy
C,Citigroup,Financials,Diversified Banks,1.8,13.75,13.69,29.24,4,65.93,2023,9,1.13E+11,1.435,1,49.25258636,1.48E+11,2.52E+11,3.24E+11,2.41E+12,1.99E+11,0,78486000000,High Risk of Bankruptcy
CAG,Conagra Brands,Consumer Staples,Packaged Foods & Meats,10.71,15.42,4.7,30.83,2,71.86,2023,9,15617014784,0.309,6,26.97867203,11961638912,-474000000,8613500000,20862300000,6276300000,1046400000,12050900000,Moderate Risk of Bankruptcy
CAH,Cardinal Health,Health Care,Health Care Distributors,1.17,7.33,6.36,14.86,3,10.83,2023,9,27622834176,0.616,1,98.95256042,30827700224,0,5092000000,45121000000,-286000000,1252000000,2.27E+11,Low Risk of Bankruptcy
CAT,Caterpillar Inc.,Industrials,Construction Machinery & Heavy Transportation Equipment,10.43,17.69,8.06,36.17,4,86.38,2023,9,1.72E+11,1.089,6,289.9397583,1.74E+11,19355000000,37878000000,87476000000,51250000000,13561000000,67060000000,Low Risk of Bankruptcy
CB,Chubb Limited,Financials,Property & Casualty Insurance,1.46,11.54,10.61,23.6,2,42.77,2023,9,1.17E+11,0.674,8,223.0269623,1.10E+11,27758000000,14495000000,2.31E+11,54810000000,10198000000,49826000000,Low Risk of Bankruptcy
CBOE,Cboe Global Markets,Financials,Financial Exchanges & Data,2.73,7.58,10.64,20.95,1,31.57,2023,9,22355052544,0.673,2,178.5599976,22007091200,136400000,1610800000,7487500000,2525200000,1110000000,3773500000,Low Risk of Bankruptcy
CBRE,CBRE Group,Real Estate,Real Estate Services,1.46,1.89,4.64,7.98,1,1.56,2023,9,36618518528,1.4,3,93.08999634,44366487552,5447000000,4826000000,22548000000,9188000000,1090000000,31949000000,Low Risk of Bankruptcy
CCI,Crown Castle,Real Estate,Telecom Tower REITs,4.08,1.67,4.35,10.1,0,2.79,2023,9,52256673792,0.861,4,108.555542,38792220672,506000000,28814000000,38527000000,-11889000000,2349000000,6981000000,High Risk of Bankruptcy
CCL,Carnival,Consumer Discretionary,"Hotels, Resorts & Cruise Lines",9.4,10.13,4.96,24.49,3,46.81,2023,9,23359668224,2.693,10,18.54000092,36852523008,0,28876000000,49057000000,2101000000,3670000000,25021000000,High Risk of Bankruptcy
CDNS,Cadence Design Systems,Information Technology,Application Software,2.33,4.88,4.81,12.02,0,5.06,2023,9,75243003904,1.02,3,272.3699951,81955274752,1548098000,764414000,5669491000,4936384000,1318111000,4089986000,Low Risk of Bankruptcy
CDW,CDW,Information Technology,Technology Distributors,2.48,3.21,3.52,9.21,0,2.18,2023,9,29830193152,1.033,3,224.7576447,28713728000,2601600000,5808900000,13284600000,-1525500000,1676800000,21376000000,Low Risk of Bankruptcy
CE,Celanese,Materials,Specialty Chemicals,14.7,5.86,5.57,26.13,2,53.65,2023,9,13741040640,1.294,5,152.3318634,7691192320,1956000000,14098000000,26597000000,12929000000,1903000000,10940000000,High Risk of Bankruptcy
CF,CF Industries,Materials,Fertilizers & Agricultural Chemicals,16.19,7.73,5.42,29.33,1,66.33,2023,9,14698166272,0.946,2,77.51045227,16147315712,2428000000,3232000000,14376000000,4535000000,2392000000,6631000000,Low Risk of Bankruptcy
CFG,Citizens Financial Group,Financials,Regional Banks,1.96,10.15,11.43,23.54,2,42.45,2023,9,18201001984,1.328,9,31.43245316,20835481600,13155000000,13972000000,2.22E+11,9816000000,0,8224000000,High Risk of Bankruptcy
CHD,Church & Dwight,Consumer Staples,Household Products,6.89,6.31,6.66,19.86,1,27.47,2023,9,25759404032,0.54,4,93.52307892,25986936832,285800000,2406000000,8569200000,6012300000,1078300000,5867900000,Low Risk of Bankruptcy
CHRW,C.H. Robinson,Industrials,Air Freight & Logistics,4.73,9.29,5.3,19.32,1,25.57,2023,9,11764709376,0.825,9,84.07637024,11671561216,1576743000,1952501000,5225280000,5620790000,514607000,17596443000,Low Risk of Bankruptcy
CHTR,Charter Communications,Communication Services,Cable & Satellite,6.05,10.72,7.95,24.72,2,47.74,2023,9,49012998144,1.051,10,388.6799927,48161538048,1464000000,95763000000,1.50E+11,-7750000000,12731000000,55085000000,High Risk of Bankruptcy
CI,Cigna,Health Care,Health Care Services,0.02,5.99,5.65,11.65,2,2.83,2021,3,1.03E+11,0.509,5,294.6083679,80028516352,22948000000,30930000000,1.53E+11,41652000000,6959000000,1.95E+11,Low Risk of Bankruptcy
CINF,Cincinnati Financial,Financials,Property & Casualty Insurance,1.76,10.97,12.88,25.61,1,51.6,2023,9,21433022464,0.671,8,100.8527222,21372950528,4450000000,874000000,32769000000,13084000000,2330000000,10013000000,Low Risk of Bankruptcy
CL,Colgate-Palmolive,Consumer Staples,Household Products,8.32,11.31,6.54,26.17,2,53.82,2023,9,86145523712,0.399,1,77.55037689,70410985472,1621000000,9064000000,16393000000,25289000000,3679000000,19457000000,Low Risk of Bankruptcy
CLX,Clorox,Consumer Staples,Household Products,7.72,8.59,5.31,21.63,2,34.52,2023,9,20554795008,0.393,6,136.9102936,18196396032,35000000,2903000000,5751000000,250000000,488000000,7093000000,Low Risk of Bankruptcy
CMCSA,Comcast,Communication Services,Cable & Satellite,3.96,10.9,8.23,23.09,2,40.6,2023,9,1.52E+11,1.01,10,42.21555328,1.27E+11,0,99093000000,2.66E+11,56972000000,22807000000,1.24E+11,Moderate Risk of Bankruptcy
CME,CME Group,Financials,Financial Exchanges & Data,2.13,6.48,9.19,17.8,1,19.85,2023,9,78691844096,0.561,10,201.2199097,87452647424,-88836100000,3425400000,1.30E+11,4455200000,4313000000,5578900000,Low Risk of Bankruptcy
CMG,Chipotle Mexican Grill,Consumer Discretionary,Restaurants,6.79,9.59,4.27,20.66,2,30.44,2023,9,80114573312,1.256,3,45.73920059,77204348928,648920000,4051625000,8044362000,6056985000,1633114000,9871649000,Low Risk of Bankruptcy
CMI,Cummins,Industrials,Construction Machinery & Heavy Transportation Equipment,5.62,7.74,5.94,19.3,2,25.47,2023,9,41332305920,0.975,6,234.0784149,50345910272,4699000000,7208000000,32005000000,17851000000,2001000000,34065000000,Low Risk of Bankruptcy
CMS,CMS Energy,Utilities,Multi-Utilities,9.61,6.84,5.24,21.7,2,34.89,2023,9,21054464000,0.403,1,56.19646454,19908042752,447000000,15643000000,33517000000,1658000000,1597000000,7462000000,High Risk of Bankruptcy
CNC,Centene Corporation,Health Care,Managed Health Care,0.09,13.28,6.51,19.89,2,27.59,2023,9,40278089728,0.484,1,74.20999908,30230491136,4045000000,18877000000,84641000000,12043000000,4323000000,1.54E+11,Low Risk of Bankruptcy
CNP,CenterPoint Energy,Utilities,Multi-Utilities,12.92,10.67,5.14,28.73,2,64.04,2023,9,18456739840,0.913,4,27.76608276,21021454336,-325000000,18618000000,39715000000,1092000000,1788000000,8696000000,High Risk of Bankruptcy
COF,Capital One,Financials,Consumer Finance,0.13,12.28,10.09,22.5,3,38,2023,9,55399669760,1.447,3,128.992157,76756852736,45126000000,49318000000,4.78E+11,60945000000,0,36787000000,High Risk of Bankruptcy
COO,Cooper Companies (The),Health Care,Health Care Supplies,2.7,8.8,5.96,17.47,2,18.56,2023,9,22152052736,0.981,7,94.61000061,19119054848,464000000,2583700000,12315200000,7268400000,696600000,3895400000,Low Risk of Bankruptcy
COP,ConocoPhillips,Energy,Oil & Gas Exploration & Production,17.57,8.07,8.28,33.91,2,80.76,2023,9,1.26E+11,1.228,5,112.9078903,1.29E+11,6844000000,18937000000,95924000000,59268000000,17351000000,56141000000,Low Risk of Bankruptcy
COR,Cencora,Health Care,Health Care Distributors,1.57,5.53,5.65,12.75,3,6.2,2023,9,47284768768,0.441,3,203.5718994,49747324928,0,4388076000,67101667000,5417139000,2252657000,2.94E+11,Low Risk of Bankruptcy
COST,Costco,Consumer Staples,Consumer Staples Merchandise Retail,6.52,11.22,5.55,23.29,3,41.46,2023,9,4.02E+11,0.788,2,656.2473755,4.54E+11,-11270000000,8272000000,69831000000,17619000000,9909000000,2.54E+11,Low Risk of Bankruptcy
CPB,Campbell Soup Company,Consumer Staples,Packaged Foods & Meats,10.87,8.15,4.47,23.5,2,42.3,2023,9,15393454080,0.175,4,41.45420456,11080711168,-523000000,7542000000,15235000000,4569000000,1006000000,9636000000,Moderate Risk of Bankruptcy
CPRT,Copart,Industrials,Diversified Support Services,1.48,8.96,5.59,16.03,1,14.11,2023,9,48807755776,1.271,9,49,56135139328,2140527000,118733000,8427764000,6545902000,1572023000,4236823000,Low Risk of Bankruptcy
CPT,Camden Property Trust,Real Estate,Multi-Family Residential REITs,4,3.93,8.17,16.09,1,14.31,2023,9,13321857024,0.916,7,95.65779877,12266181632,48992000,3715400000,9383737000,-613651000,547598000,1542027000,Moderate Risk of Bankruptcy
CRM,Salesforce,Information Technology,Application Software,2.01,7.48,5.39,14.88,1,10.87,2023,9,2.44E+11,1.297,9,261.6784363,3.30E+11,0,12588000000,99823000000,11721000000,5999000000,34857000000,Low Risk of Bankruptcy
CSCO,Cisco,Information Technology,Communications Equipment,0.45,6.9,6.51,13.87,2,8.46,2023,9,2.02E+11,0.819,1,48.596241,2.45E+11,15196000000,30962000000,1.24E+11,1087000000,13240000000,53803000000,Low Risk of Bankruptcy
CSGP,CoStar Group,Real Estate,Real Estate Services,4.86,9.34,7.71,21.91,1,35.72,2023,9,31924740096,0.816,4,87.38999939,31689910272,5453000000,1110400000,8919700000,2204300000,282300000,2455000000,Low Risk of Bankruptcy
CSX,CSX Corporation,Industrials,Rail Transportation,7.04,10.03,4.84,21.91,2,35.73,2023,9,66052870144,1.189,4,34.20153809,63580008448,1375000000,19024000000,42408000000,9790000000,5700000000,14657000000,Low Risk of Bankruptcy
CTAS,Cintas,Industrials,Diversified Support Services,3.03,9.17,5.88,18.08,2,20.74,2023,9,82610397184,1.312,8,147.5460968,81063919616,1395696000,2668080000,9168817000,10617955000,2074375000,9596615000,Low Risk of Bankruptcy
CTRA,Coterra,Energy,Oil & Gas Exploration & Production,20.26,8.34,7.47,36.07,2,86.16,2023,9,17010694144,0.199,6,24.70436096,20679374848,0,2526000000,20415000000,5366000000,2219000000,5914000000,Low Risk of Bankruptcy
CTSH,Cognizant,Information Technology,IT Consulting & Other Services,1.11,7.64,5.91,14.66,2,10.38,2023,9,38596894720,1.05,2,74.33163452,41282306048,6655000000,1315000000,18483000000,13301000000,2828000000,19353000000,Low Risk of Bankruptcy
CVS,CVS Health,Health Care,Health Care Services,0.03,15.76,6.17,21.97,3,35.97,2023,9,73428492288,0.528,5,74.83850861,70559047680,29210000000,79385000000,2.50E+11,61604000000,13831000000,3.58E+11,Moderate Risk of Bankruptcy
CVX,Chevron Corporation,Energy,Integrated Oil & Gas,17.01,9.18,10.42,36.6,3,87.22,2023,9,2.60E+11,1.08,1,142.9994202,2.69E+11,12048000000,20836000000,2.62E+11,2.00E+11,30053000000,1.97E+11,Low Risk of Bankruptcy
D,Dominion Energy,Utilities,Multi-Utilities,11.94,8.84,5.62,26.4,2,54.6,2023,9,49103040512,0.602,2,44.72103119,45364740096,-8229000000,44243000000,1.09E+11,3524000000,3694000000,14393000000,High Risk of Bankruptcy
DAL,Delta Air Lines,Industrials,Passenger Airlines,9.88,14.57,5.8,30.26,2,69.9,2023,9,30128158720,1.349,4,39.80157852,44092055552,-4762000000,27281000000,73644000000,5650000000,6442000000,58048000000,Moderate Risk of Bankruptcy
DD,DuPont,Materials,Specialty Chemicals,14.66,7.99,5.94,28.6,3,63.49,2023,9,34593636352,1.325,8,75.46438599,32163729408,0,7741000000,38552000000,-22874000000,900000000,12068000000,Moderate Risk of Bankruptcy
DE,Deere & Company,Industrials,Agricultural & Farm Machinery,2.67,10.79,6.49,19.95,2,27.77,2023,9,1.09E+11,0.929,7,393.9365234,1.29E+11,60578000000,65463000000,1.07E+11,56402000000,12554000000,50518000000,Low Risk of Bankruptcy
DFS,Discover Financial,Financials,Consumer Finance,0.13,11.87,10.51,22.5,2,38.02,2023,9,34542485504,1.41,7,110.1113052,50206912512,0,21331000000,1.52E+11,29855000000,0,15794000000,High Risk of Bankruptcy
DG,Dollar General,Consumer Staples,Consumer Staples Merchandise Retail,3.5,8.56,5.53,17.59,2,19.04,2023,9,18914889728,0.444,9,132.2706299,16107379712,-2970188000,18090766000,30795591000,2799415000,2446300000,38691609000,Moderate Risk of Bankruptcy
DGX,Quest Diagnostics,Health Care,Health Care Services,0.13,13.07,8,21.21,3,32.72,2023,9,17405513728,0.889,3,134.3199768,18143625216,1804000000,5498000000,14022000000,8825000000,1293000000,9252000000,Low Risk of Bankruptcy
DHI,DR Horton,Consumer Discretionary,Homebuilding,8.71,6.66,5.66,21.03,2,31.94,2023,9,63652651008,1.728,6,150.7369995,45021933568,3592300000,5971000000,36104300000,27951000000,5935900000,36801400000,Low Risk of Bankruptcy
DHR,Danaher Corporation,Health Care,Life Sciences Tools & Services,1.35,5.16,5.35,11.86,2,4.8,2023,9,1.99E+11,0.861,8,230.3464813,1.53E+11,8405000000,19536000000,84488000000,41074000000,5330000000,23890000000,Low Risk of Bankruptcy
DIS,Walt Disney Company (The),Communication Services,Movies & Entertainment,0.04,8.96,6.71,15.7,2,13.18,2023,9,1.68E+11,1.398,3,89.47887421,2.06E+11,-358000000,48743000000,1.96E+11,49722000000,9639000000,91361000000,Low Risk of Bankruptcy
DLR,Digital Realty,Real Estate,Data Center REITs,2.8,2.81,7,12.61,0,5.95,2023,9,53710041088,0.619,9,130.4897919,55480303616,695620000,18968001000,44113258000,0,1463632000,5477061000,Moderate Risk of Bankruptcy
DLTR,Dollar Tree,Consumer Staples,Consumer Staples Merchandise Retail,3.29,12.78,4.02,20.08,2,28.26,2023,9,15801912320,0.872,3,142.0500031,16207491072,-1571500000,10386900000,22023500000,7124600000,-881900000,30603800000,Moderate Risk of Bankruptcy
DOV,Dover Corporation,Industrials,Industrial Machinery & Supplies & Components,7.98,12.48,5.42,25.88,1,52.67,2023,9,25890215936,1.218,4,152.0908966,27768346624,949029000,3681814000,11348513000,10995624000,1401311000,8438134000,Low Risk of Bankruptcy
DPZ,Domino's,Consumer Discretionary,Restaurants,10.65,12.2,6.34,29.19,2,65.74,2023,9,14424346624,0.858,9,406.8309937,15651629056,216609000,5209306000,1674899000,-4069648000,848915000,4479358000,Moderate Risk of Bankruptcy
DRI,Darden Restaurants,Consumer Discretionary,Restaurants,7.92,15,4.55,27.47,2,58.8,2023,9,19135490048,1.303,2,157.4008484,23253680128,-167700000,5427800000,11323000000,-35500000,1318700000,11390000000,Low Risk of Bankruptcy
DTE,DTE Energy,Utilities,Multi-Utilities,15.03,10.04,4.73,29.8,2,68.08,2023,9,26159034368,0.676,6,106.3968658,25208332288,102000000,20970000000,44755000000,4404000000,2357000000,12745000000,High Risk of Bankruptcy
DUK,Duke Energy,Utilities,Electric Utilities,11.52,10.68,4.81,27.01,2,56.89,2023,9,90888200192,0.457,2,93.233078,87352262656,425000000,80457000000,1.77E+11,2235000000,7781000000,29060000000,High Risk of Bankruptcy
DVA,DaVita,Health Care,Health Care Services,0.07,14.08,8.42,22.56,2,38.3,2023,9,13859445760,0.863,2,104.7600021,14556798976,1712851000,11116421000,16893578000,598288000,1575645000,12140147000,Moderate Risk of Bankruptcy
DVN,Devon Energy,Energy,Oil & Gas Exploration & Production,17.67,8.56,7.53,33.76,2,80.43,2023,9,25336051712,2.069,2,43.76262283,22393720832,1664000000,6450000000,24490000000,6195000000,4992000000,15258000000,Low Risk of Bankruptcy
DXCM,Dexcom,Health Care,Health Care Equipment,5.35,10.62,8.08,24.05,1,44.85,2023,9,28086915072,1.183,4,124.0899963,34235652096,0,2594000000,6264500000,1021400000,730700000,3622300000,Low Risk of Bankruptcy
EA,Electronic Arts,Communication Services,Interactive Home Entertainment,0.13,8.42,4.73,13.29,2,7.3,2023,9,38710616064,0.791,2,136.1004791,33795184640,3775000000,1948000000,13420000000,7582000000,1647000000,7562000000,Low Risk of Bankruptcy
EBAY,eBay,Consumer Discretionary,Broadline Retail,2.74,7.65,7.21,17.6,2,19.11,2023,9,31726319616,1.312,5,42.78918839,32730787840,0,8228000000,21620000000,36531000000,3970000000,10112000000,Low Risk of Bankruptcy
ECL,Ecolab,Materials,Specialty Chemicals,8.54,6.05,5.27,19.86,2,27.49,2023,9,72044814336,1.136,4,196.4278564,70658826240,1719900000,8733400000,21846600000,10075400000,2104400000,15320200000,Low Risk of Bankruptcy
ED,Consolidated Edison,Utilities,Multi-Utilities,6.86,10.86,6.08,23.81,3,43.66,2023,9,36293570560,0.348,5,87.87169647,33064216576,2338000000,25010000000,66331000000,13377000000,4026000000,14663000000,High Risk of Bankruptcy
EFX,Equifax,Industrials,Research & Consulting Services,0.08,16.3,6.78,23.16,3,40.91,2023,9,37629485056,1.583,6,245.8243256,33382754304,681500000,5711200000,12280000000,5608600000,959300000,5265200000,Low Risk of Bankruptcy
EG,Everest Group,Financials,Reinsurance,1.39,6.67,9.91,17.96,1,20.35,2023,9,16770212864,0.615,4,348.362793,14635072512,8685000000,3408000000,49399000000,14270000000,2288000000,14463000000,Low Risk of Bankruptcy
EIX,Edison International,Utilities,Electric Utilities,10.98,11.42,5.11,27.51,3,59.05,2023,9,33307713536,0.921,1,68.54728699,20077600768,1645000000,35311000000,81758000000,7499000000,3127000000,16338000000,High Risk of Bankruptcy
EL,Est√©e Lauder Companies (The),Consumer Staples,Personal Care Products,6.95,11.05,7.48,25.48,2,51.03,2023,9,30537748480,0.997,10,143.0728912,24439037952,4307000000,9826000000,21677000000,13427000000,1150000000,15608000000,Low Risk of Bankruptcy
ELV,Elevance Health,Health Care,Managed Health Care,0.07,6.03,5.29,11.38,2,4.15,2023,9,1.28E+11,0.832,1,465.3072815,92597583872,1370000000,25120000000,1.09E+11,31749000000,8745000000,1.71E+11,Low Risk of Bankruptcy
EMN,Eastman Chemical Company,Materials,Specialty Chemicals,12.84,5.85,6.59,25.27,2,50.1,2023,9,12378979328,1.45,7,86.88096619,11744640000,358000000,4846000000,14633000000,9490000000,1312000000,9210000000,Low Risk of Bankruptcy
EMR,Emerson Electric,Industrials,Electrical Components & Equipment,8.77,13.05,6.55,28.36,1,62.49,2023,9,59430801408,1.293,8,95.52828217,71756406784,0,8198000000,44246000000,40830000000,2343000000,17492000000,Low Risk of Bankruptcy
EOG,EOG Resources,Energy,Oil & Gas Exploration & Production,20.16,6.67,7.33,34.16,1,81.36,2023,9,70045835264,1.288,2,116.6938934,71886733312,5831000000,4800000000,43857000000,22634000000,9837000000,23182000000,Low Risk of Bankruptcy
EQIX,Equinix,Real Estate,Data Center REITs,3.44,5.31,5.13,13.88,1,8.5,2023,9,83225911296,0.7,5,789.3535767,89677094912,3118536000,17455113000,32650724000,-4760631000,1526252000,8188136000,Low Risk of Bankruptcy
EQR,Equity Residential,Real Estate,Multi-Family Residential REITs,2.98,2.87,6.05,11.91,1,4.87,2023,9,30392528896,0.91,8,58.83932114,27821717504,-53687000,7702090000,20034564000,1437185000,1144570000,2873964000,Moderate Risk of Bankruptcy
EQT,EQT Corporation,Energy,Oil & Gas Exploration & Production,17.66,10.08,7.95,35.69,1,85.01,2023,9,19929661440,1.062,4,37.97763443,31200608256,-467777000,5841493000,25285098000,2681898000,2323158000,5069982000,Low Risk of Bankruptcy
ES,Eversource,Utilities,Electric Utilities,4.67,8.56,5.39,18.62,2,22.76,2023,9,24445104128,0.618,8,58.87870407,21427187712,197776000,26754377000,55612245000,4142515000,580404000,11910705000,High Risk of Bankruptcy
ESS,Essex Property Trust,Real Estate,Multi-Family Residential REITs,3.46,2.84,6.13,12.44,1,5.7,2023,9,20950151168,0.895,8,239.0933075,19262023680,0,6270826000,12361427000,-1267536000,943285000,1669395000,Moderate Risk of Bankruptcy
ETN,Eaton Corporation,Industrials,Electrical Components & Equipment,5.46,6.76,5.72,17.94,1,20.26,2023,9,1.24E+11,1.007,3,237.8803558,1.24E+11,-231000000,9802000000,38432000000,10305000000,3978000000,23196000000,Low Risk of Bankruptcy
ETR,Entergy,Utilities,Electric Utilities,14.04,7.3,5.32,26.67,2,55.54,2023,9,27601307648,0.723,3,#N/A,#N/A,-47254000,#N/A,#N/A,#N/A,#N/A,#N/A,High Risk of Bankruptcy
EW,Edwards Lifesciences,Health Care,Health Care Equipment,2.86,8.08,7.63,18.57,1,22.56,2023,9,40499355648,1.132,3,76.25,42365333504,2003600000,694900000,9363200000,8992400000,1615700000,6004800000,Low Risk of Bankruptcy
EXC,Exelon,Utilities,Electric Utilities,7.38,9.05,6.44,22.86,3,39.46,2023,9,40450048000,0.601,1,34.46339417,40866435072,2217000000,44008000000,1.02E+11,5490000000,4431000000,21727000000,High Risk of Bankruptcy
EXPD,Expeditors International,Industrials,Air Freight & Logistics,4.15,7.56,4.84,16.56,2,15.79,2023,9,17457532928,0.958,8,125.6731949,15686411264,2355533000,527733000,4523809000,2580968000,1019828000,9300110000,Low Risk of Bankruptcy
EXPE,Expedia Group,Consumer Discretionary,"Hotels, Resorts & Cruise Lines",4.27,13.31,10.08,27.65,2,59.72,2023,9,17677033472,1.793,10,151.7899933,21760577536,4648000000,6567000000,21642000000,-632000000,1263000000,12839000000,Low Risk of Bankruptcy
EXR,Extra Space Storage,Real Estate,Self-Storage REITs,4.23,3.72,7.26,15.2,1,11.76,2023,9,39176241152,0.871,8,153.9308624,33825232896,504029000,11253263000,27456262000,-379015000,1309833000,2560244000,Moderate Risk of Bankruptcy
F,Ford Motor Company,Consumer Discretionary,Automobile Manufacturers,7.43,6.41,8.51,22.35,3,37.41,2023,9,43330224128,1.635,10,11.39262676,40331091968,45697000000,1.51E+11,2.73E+11,31029000000,5285000000,1.76E+11,High Risk of Bankruptcy
FAST,Fastenal,Industrials,Trading Companies & Distributors,9.28,8.29,7.1,24.67,2,47.51,2023,9,40423079936,0.996,3,62.9791832,41709031424,1216600000,535000000,4462900000,3356900000,1532800000,7346700000,Low Risk of Bankruptcy
FCX,Freeport-McMoRan,Materials,Copper,15.26,9.96,6.4,31.61,4,74.44,2023,9,61971775488,1.891,3,41.8772049,52318621696,4331000000,9853000000,52506000000,-2059000000,6521000000,22855000000,Low Risk of Bankruptcy
FDS,FactSet,Financials,Financial Exchanges & Data,4.32,8.75,5.3,18.37,1,21.85,2023,9,17269403648,0.748,6,472.6304016,17739094016,532876000,1574567000,4055040000,1888504000,717281000,2203056000,Low Risk of Bankruptcy
FDX,FedEx,Industrials,Air Freight & Logistics,5.66,8.42,5.61,19.68,2,26.83,2023,9,72837300224,1.185,7,247.8816681,60091723776,14404000000,37719000000,87007000000,38649000000,6581000000,87693000000,Low Risk of Bankruptcy
FE,FirstEnergy,Utilities,Electric Utilities,10.77,8.99,5.79,25.56,3,51.31,2023,9,25536411648,0.489,7,35.12811279,23046918144,411000000,24910000000,48767000000,-97000000,2491000000,12870000000,High Risk of Bankruptcy
FFIV,"F5, Inc.",Information Technology,Communications Equipment,4.14,7.61,5.4,17.15,1,17.69,2023,9,12510163968,1.057,3,178.9799957,17324468224,1839051000,249564000,5613004000,3144401000,667246000,2816120000,Low Risk of Bankruptcy
FI,Fiserv,Financials,Transaction & Payment Processing Services,4.12,8.74,6.77,19.64,2,26.71,2023,9,1.01E+11,0.933,1,132.8399963,1.30E+11,6681000000,23236000000,90890000000,20444000000,4902000000,19093000000,Low Risk of Bankruptcy
FIS,Fidelity National Information Services,Financials,Transaction & Payment Processing Services,4.09,8.17,5.21,17.48,1,18.61,2023,9,46394933248,1.086,6,58.97302246,44317298688,-6403000000,19341000000,55105000000,-22864000000,1376000000,9821000000,High Risk of Bankruptcy
FITB,Fifth Third Bank,Financials,Diversified Banks,1.19,8.15,7.5,16.84,2,16.65,2023,9,28733145088,1.239,6,33.23967361,29433384960,8720000000,18908000000,2.15E+11,22997000000,0,8410000000,High Risk of Bankruptcy
FMC,FMC Corporation,Materials,Fertilizers & Agricultural Chemicals,14.35,8.92,7.46,30.73,1,71.55,2023,9,7908886016,0.855,7,60.55325317,4348661760,2700400000,4105200000,11926200000,6587100000,537400000,4486800000,Moderate Risk of Bankruptcy
FRT,Federal Realty,Real Estate,Retail REITs,2.27,4.34,5.82,12.42,1,4.3,2021,9,9881507840,1.256,4,98.91011047,9280805888,0,4687717000,8436512000,-1160474000,415026000,1132154000,High Risk of Bankruptcy
FTNT,Fortinet,Information Technology,Systems Software,2.5,10.03,6.37,18.9,1,23.77,2023,9,58393071616,0.998,6,58.52999878,78852677632,2696700000,992300000,7258900000,-1861700000,1354700000,5304800000,Low Risk of Bankruptcy
FTV,Fortive,Industrials,Industrial Machinery & Supplies & Components,16.09,13.97,4.7,34.76,1,82.8,2023,9,26181060608,1.161,6,73.32618713,27459276800,2382300000,3810100000,16911800000,7505900000,1114300000,6065300000,Low Risk of Bankruptcy
GD,General Dynamics,Industrials,Aerospace & Defense,9.37,18.9,6.93,35.19,3,83.88,2023,9,84507975680,0.607,2,253.1818237,69743919104,10791000000,11083000000,54810000000,39270000000,4383000000,42272000000,Low Risk of Bankruptcy
GE,GE Aerospace,Industrials,Aerospace & Defense,14.24,15.41,10.9,40.55,3,92.22,2023,9,1.96E+11,1.179,4,101.1918716,2.18E+11,11695000000,19273000000,1.23E+11,80488000000,8606000000,38702000000,Low Risk of Bankruptcy
GEN,Gen Digital,Information Technology,Systems Software,3.35,8.2,5.39,16.94,2,16.94,2023,9,16286790656,1.06,1,22.36801147,16666627072,1135000000,8655000000,15772000000,-41000000,1128000000,3812000000,High Risk of Bankruptcy
GILD,Gilead Sciences,Health Care,Biotechnology,1,14.34,7.62,22.97,2,39.94,2023,9,1.03E+11,0.196,2,77.82948303,1.23E+11,10235000000,24987000000,62125000000,16304000000,7803000000,27116000000,Low Risk of Bankruptcy
GIS,General Mills,Consumer Staples,Packaged Foods & Meats,8.32,8.72,4.09,21.13,2,32.41,2023,9,41540526080,0.091,6,62.24251938,32508186624,-1862800000,13315100000,31469900000,20971800000,3526300000,19857200000,Low Risk of Bankruptcy
GL,Globe Life,Financials,Life & Health Insurance,1.58,8.28,10.49,20.35,2,29.24,2023,9,9538871296,0.808,4,120.342804,10319371264,218504000,2115672000,28051499000,7478813000,1296582000,5447533000,Low Risk of Bankruptcy
GLW,Corning Inc.,Information Technology,Electronic Components,5.53,4.81,6.13,16.48,2,15.51,2023,9,37051850752,1.036,7,29.58097076,45351735296,1165000000,8484000000,28500000000,16391000000,1145000000,12588000000,Low Risk of Bankruptcy
GM,General Motors,Consumer Discretionary,Automobile Manufacturers,9.83,11.48,7.19,28.5,4,63.16,2023,9,53408677888,1.439,9,35.55057907,48237694976,61037000000,1.31E+11,2.80E+11,53472000000,9365000000,1.87E+11,High Risk of Bankruptcy
GOOGL,Alphabet Inc. (Class A),Communication Services,Interactive Media & Services,1.56,11.16,11.51,24.22,4,45.66,2023,9,1.97E+12,1.039,10,139.1854401,2.34E+12,67644000000,28504000000,4.02E+11,2.11E+11,86025000000,3.07E+11,Low Risk of Bankruptcy
GPC,Genuine Parts Company,Consumer Discretionary,Distributors,4.67,5.18,3.8,13.66,2,8.02,2023,9,19135287296,0.913,6,134.5525665,16409723904,-2410010000,4886166000,17968454000,5065327000,1806817000,23090610000,Low Risk of Bankruptcy
GPN,Global Payments,Financials,Transaction & Payment Processing Services,3.65,10.68,6.54,20.87,1,31.22,2023,9,28514754560,0.991,7,125.8631973,28401643520,4076609000,17375822000,50570186000,3457182000,1830097000,9654419000,High Risk of Bankruptcy
GRMN,Garmin,Consumer Discretionary,Consumer Electronics,4.78,11.63,4.25,20.66,1,30.47,2023,9,33179969536,1.009,9,126.3434372,41909452800,2573461000,113035000,8603569000,5263528000,1092160000,5228252000,Low Risk of Bankruptcy
GS,Goldman Sachs,Financials,Investment Banking & Brokerage,0.88,12.76,11.82,25.45,2,50.92,2023,9,1.53E+11,1.353,6,376.6460876,1.98E+11,1.59E+11,3.33E+11,1.64E+12,1.44E+11,0,46254000000,High Risk of Bankruptcy
GWW,W. W. Grainger,Industrials,Industrial Machinery & Supplies & Components,4.54,5.55,5.91,16,2,14.01,2023,9,49508282368,1.159,5,822.1466675,50167779328,2054000000,2752000000,8147000000,12162000000,2593000000,16478000000,Low Risk of Bankruptcy
HAL,Halliburton,Energy,Oil & Gas Equipment & Services,9.79,8.9,6.94,25.63,2,51.73,2023,9,25866889216,1.906,4,35.40014648,23157313536,4420000000,8809000000,24683000000,12536000000,3941000000,23018000000,Low Risk of Bankruptcy
HAS,Hasbro,Consumer Discretionary,Leisure Products,0.04,2.88,4.16,7.08,2,1.27,2023,9,9817040896,0.596,3,48.71866989,8312864256,1650400000,3496300000,6540900000,2188400000,-1522800000,5003300000,Moderate Risk of Bankruptcy
HBAN,Huntington Bancshares,Financials,Regional Banks,1.97,11.19,8.68,21.84,2,35.46,2023,9,21263603712,1.068,9,12.16777229,24602855424,17149000000,12396000000,1.89E+11,4322000000,0,7360000000,High Risk of Bankruptcy
HCA,HCA Healthcare,Health Care,Health Care Facilities,3.9,17.72,7.22,28.84,3,64.44,2023,9,1.04E+11,1.678,5,268.5818176,84914012160,8673000000,41859000000,56211000000,-1352000000,9644000000,64968000000,Low Risk of Bankruptcy
HD,Home Depot (The),Consumer Discretionary,Home Improvement Retail,3.32,5.56,3.76,12.64,2,5.97,2023,9,3.81E+11,1.003,2,338.2646484,4.07E+11,-1238000000,52243000000,76530000000,83656000000,21867000000,1.53E+11,Low Risk of Bankruptcy
HES,Hess Corporation,Energy,Integrated Oil & Gas,18.93,7.2,6.98,33.11,2,78.79,2023,9,40304525312,1.164,9,142.236557,44079362048,2724000000,9598000000,24007000000,2318000000,2949000000,10511000000,Low Risk of Bankruptcy
HIG,Hartford (The),Financials,Property & Casualty Insurance,1.81,7.24,7.58,16.63,1,16.04,2023,9,34303150080,0.924,4,78.96566772,32323362816,12837000000,4362000000,76780000000,19007000000,3287000000,24330000000,Low Risk of Bankruptcy
HLT,Hilton Worldwide,Consumer Discretionary,"Hotels, Resorts & Cruise Lines",6.11,7,4.45,17.56,2,18.92,2023,9,54307586048,1.31,6,181.5839844,63282847744,34000000,10120000000,15401000000,-4207000000,2156000000,10235000000,Low Risk of Bankruptcy
HOLX,Hologic,Health Care,Health Care Equipment,4.57,12.08,8.35,25,1,48.93,2023,9,19208910848,0.984,7,71.44999695,16211426304,0,2658000000,9156000000,2845800000,987200000,4030300000,Low Risk of Bankruptcy
HON,Honeywell,Industrials,Industrial Conglomerates,10.99,10.59,7.04,28.62,3,63.65,2023,9,1.33E+11,1.027,6,205.3253937,1.44E+11,0,21536000000,61525000000,47979000000,7924000000,36662000000,Low Risk of Bankruptcy
HPE,Hewlett Packard Enterprise,Information Technology,"Technology Hardware, Storage & Peripherals",0.95,4.14,5.6,10.69,2,3.28,2023,9,23635793920,1.203,2,16.53295135,27549851648,14550000000,19816000000,71262000000,-2068000000,3070000000,30127000000,High Risk of Bankruptcy
HPQ,HP Inc.,Information Technology,"Technology Hardware, Storage & Peripherals",0.11,5.05,6.09,11.26,2,3.95,2023,9,33170137088,1.083,1,29.10746765,30093938688,-9873000000,10899000000,39909000000,-2676000000,3886000000,53559000000,Moderate Risk of Bankruptcy
HRL,Hormel Foods,Consumer Staples,Packaged Foods & Meats,13.31,10.68,6,30,3,68.87,2023,9,17838264320,0.248,8,30.6952877,16064119808,909831000,2858757000,13434729000,7677537000,1116328000,11920797000,Low Risk of Bankruptcy
HSIC,Henry Schein,Health Care,Health Care Distributors,2,5.67,6.28,13.95,2,8.64,2023,9,9026677760,0.861,5,75.70999908,10091132928,1653000000,2741000000,10573000000,3860000000,629000000,12339000000,Low Risk of Bankruptcy
HST,Host Hotels & Resorts,Real Estate,Hotel & Resort REITs,3.25,4.58,5.52,13.35,1,7.41,2023,9,24961603584,1.341,9,18.53551292,11538395136,936000000,4772000000,12243000000,-839000000,975000000,5311000000,Moderate Risk of Bankruptcy
HSY,Hershey Company (The),Consumer Staples,Packaged Foods & Meats,10.52,10.4,5.14,26.05,3,53.34,2023,9,40621432832,0.361,10,181.1344604,28588716032,257357000,5125612000,11902941000,4562263000,2333375000,11164992000,Low Risk of Bankruptcy
HUBB,Hubbell Incorporated,Industrials,Industrial Machinery & Supplies & Components,5.6,9.09,4.91,19.6,0,26.55,2023,9,22078416896,0.898,3,324.8688965,21571514368,663100000,2290000000,6914000000,3182700000,1020000000,5372900000,Low Risk of Bankruptcy
HUM,Humana,Health Care,Managed Health Care,0.01,16.71,5.74,22.47,2,37.9,2023,9,37954166784,0.509,1,452.690918,35322568704,-10081000000,11656000000,47065000000,27540000000,3876000000,1.06E+11,Low Risk of Bankruptcy
IBM,IBM,Information Technology,IT Consulting & Other Services,1.78,6.22,6.14,14.14,2,9.09,2023,9,1.97E+11,0.693,4,157.8439484,2.43E+11,25530000000,59935000000,1.35E+11,1.51E+11,10297000000,61860000000,Low Risk of Bankruptcy
ICE,Intercontinental Exchange,Financials,Financial Exchanges & Data,1.7,9.25,8.82,19.78,1,27.21,2023,9,93476061184,1.091,4,126.8623734,92218572800,-75568000000,22912000000,1.36E+11,16356000000,3702000000,9903000000,Moderate Risk of Bankruptcy
IDXX,Idexx Laboratories,Health Care,Health Care Equipment,2.62,7.1,8.94,18.66,1,22.9,2023,9,42162847744,1.332,6,555.0499878,38238109696,901878000,1067353000,3259925000,4444571000,1102757000,3660953000,Low Risk of Bankruptcy
IEX,IDEX Corporation,Industrials,Industrial Machinery & Supplies & Components,10.28,13.72,5.34,29.34,0,66.38,2023,9,15495729152,0.949,6,213.656723,15188199424,845800000,1445800000,5865200000,3934300000,812000000,3273900000,Low Risk of Bankruptcy
IFF,International Flavors & Fragrances,Materials,Specialty Chemicals,10.49,5.57,6.63,22.69,3,38.82,2023,9,26644783104,1.233,4,79.56590271,21850583040,1438000000,10798000000,30978000000,-2439000000,-2138000000,11479000000,High Risk of Bankruptcy
INCY,Incyte,Health Care,Biotechnology,1.06,16.3,7.41,24.76,1,47.91,2023,9,12794285056,0.735,7,62.79000092,14466087936,3918415000,38287000,6782107000,160385000,836766000,3695649000,Low Risk of Bankruptcy
INTC,Intel,Information Technology,Semiconductors,4.93,7.32,6.62,18.87,3,23.69,2023,9,91805720576,1.02,5,49.58590317,82941149184,0,50011000000,1.96E+11,49032000000,-10176000000,53101000000,High Risk of Bankruptcy
INTU,Intuit,Information Technology,Application Software,0.97,10.7,4.73,16.41,2,15.32,2023,9,1.81E+11,1.243,2,620.2837524,1.64E+11,4468000000,6567000000,32132000000,16989000000,3801000000,16285000000,Low Risk of Bankruptcy
IP,International Paper,Materials,Paper & Plastic Packaging Products & Materials,15.15,4.5,4.81,24.47,3,46.67,2023,9,17309921280,1.01,5,34.65088654,28263557120,1295000000,5905000000,23261000000,9491000000,803000000,18916000000,Low Risk of Bankruptcy
IPG,Interpublic Group of Companies (The),Communication Services,Advertising,0.04,5,5.28,10.32,1,2.98,2023,9,11729707008,1.084,10,31.29458809,10424772608,2109200000,4671200000,19267300000,4254500000,1633600000,10889300000,Moderate Risk of Bankruptcy
IQV,IQVIA,Health Care,Life Sciences Tools & Services,1.3,10.62,7.22,19.14,2,24.78,2023,9,43748352000,1.498,8,231.3800049,37075910656,4332000000,13896000000,26681000000,4692000000,2131000000,14984000000,Moderate Risk of Bankruptcy
IRM,Iron Mountain,Real Estate,Other Specialized REITs,5,3.74,5.76,14.5,2,10.01,2023,9,34669355008,1.026,5,68.04115295,30082584576,1195951000,14787359000,17473802000,-3953808000,825609000,5480289000,High Risk of Bankruptcy
ISRG,Intuitive Surgical,Health Care,Health Care Equipment,3.65,9.58,7.84,21.07,1,32.14,2023,9,1.75E+11,1.395,3,337.3599854,2.10E+11,3444500000,0,18743200000,6803300000,2348900000,8352100000,High Risk of Bankruptcy
IT,Gartner,Information Technology,IT Consulting & Other Services,0.11,13.17,5.64,18.93,1,23.89,2023,9,39306534912,1.323,1,451.1099854,41408397312,0,3070195000,7835919000,4739292000,1279901000,5906956000,Low Risk of Bankruptcy
ITW,Illinois Tool Works,Industrials,Industrial Machinery & Supplies & Components,7,11.78,6.52,25.29,2,50.21,2023,9,75748122624,1.112,3,256.0341797,74244325376,0,8370000000,15518000000,27122000000,4089000000,16107000000,Low Risk of Bankruptcy
IVZ,Invesco,Financials,Asset Management & Custody Banks,0.73,11.02,11.04,22.79,2,39.19,2023,9,7470531584,1.423,3,16.96685982,8283520000,0,9045000000,28933800000,6826700000,-167400000,5716400000,High Risk of Bankruptcy
J,Jacobs Solutions,Industrials,Construction & Engineering,5.29,11.46,5.62,22.37,3,33.64,2022,8,18008506368,0.721,7,107.4698715,16176935936,0,2752168000,11759005000,2366769000,946344000,11500941000,Low Risk of Bankruptcy
JBHT,J.B. Hunt,Industrials,Cargo Ground Transportation,3.28,6.55,5,14.82,1,10.74,2023,9,17132796928,1.153,8,197.8690948,17028486144,1305362000,1576068000,8538260000,6978119000,1000820000,12829665000,Low Risk of Bankruptcy
JCI,Johnson Controls,Industrials,Building Products,4.49,4.55,5.39,14.43,3,9.85,2023,9,48678182912,1.3,6,56.46031952,57805074432,552000000,9493000000,42695000000,848000000,1903000000,22952000000,Low Risk of Bankruptcy
JKHY,Jack Henry & Associates,Financials,Transaction & Payment Processing Services,4.32,8.66,5.68,18.66,0,22.88,2023,9,12909138944,0.638,7,161.3413849,12937872384,520920000,150000000,2924481000,3081690000,514403000,2215543000,Low Risk of Bankruptcy
JNJ,Johnson & Johnson,Health Care,Pharmaceuticals,0.92,15.02,8.03,23.98,4,44.52,2023,9,4.02E+11,0.519,4,151.9300537,3.70E+11,0,29332000000,1.68E+11,1.54E+11,15834000000,85159000000,Low Risk of Bankruptcy
JNPR,Juniper Networks,Information Technology,Communications Equipment,1.82,7.2,5.8,14.82,1,10.73,2023,9,12847232000,0.921,5,28.78246117,11884439552,1951300000,1699700000,9518500000,-2296400000,429000000,5564500000,Low Risk of Bankruptcy
JPM,JPMorgan Chase,Financials,Diversified Banks,1.11,16.45,11.7,29.26,3,66.02,2023,9,5.95E+11,1.105,5,165.2792511,7.55E+11,5.70E+11,4.37E+11,3.88E+12,3.33E+11,0,1.55E+11,High Risk of Bankruptcy
K,Kellanova,Consumer Staples,Packaged Foods & Meats,10.64,13.35,4.38,28.37,2,62.52,2023,9,27749677056,0.394,8,54.06871796,28151484416,-882000000,6526000000,15621000000,8804000000,1343000000,13122000000,Low Risk of Bankruptcy
KEY,KeyCorp,Financials,Regional Banks,1.59,9.16,10.66,21.42,1,33.6,2023,9,15378881536,1.238,4,13.67427158,19833677824,4431000000,22607000000,1.88E+11,15672000000,0,6215000000,High Risk of Bankruptcy
KEYS,Keysight,Information Technology,Electronic Equipment & Instruments,1.2,1.75,4.65,7.6,1,1.47,2023,9,26116489216,0.974,4,159.0899963,30504253440,2635000000,2030000000,9269000000,6225000000,949000000,4979000000,Low Risk of Bankruptcy
KHC,Kraft Heinz,Consumer Staples,Packaged Foods & Meats,13.49,14.05,6.17,33.7,3,80.3,2023,9,42366164992,0.478,4,35.28215027,34503667712,-2330000000,20032000000,90339000000,1367000000,4545000000,26640000000,High Risk of Bankruptcy
KIM,Kimco Realty,Real Estate,Retail REITs,2.35,2.58,5.97,10.9,0,3.52,2023,9,16219149312,1.492,5,20.37124634,14978079744,871898000,7726781000,18274022000,-122576000,894115000,1783400000,High Risk of Bankruptcy
KLAC,KLA Corporation,Information Technology,Semiconductor Materials & Equipment,7.41,5.13,4.64,17.19,0,17.74,2023,9,99420717056,1.276,4,576.1775513,98729730048,3274145000,6819643000,15433566000,1137270000,3501285000,9812247000,Low Risk of Bankruptcy
KMB,Kimberly-Clark,Consumer Staples,Household Products,10.43,10.4,7.64,28.48,2,63.05,2023,9,48567140352,0.403,4,117.223671,42783952896,-399000000,8114000000,17344000000,8368000000,2314000000,20431000000,Low Risk of Bankruptcy
KMI,Kinder Morgan,Energy,Oil & Gas Storage & Transportation,8.28,7.19,3.49,18.96,2,24.03,2023,9,47851556864,0.921,9,16.48842812,61250613248,-509000000,32006000000,71020000000,-10689000000,4248000000,15334000000,High Risk of Bankruptcy
KMX,CarMax,Consumer Discretionary,Automotive Retail,0.09,8.02,3.99,12.1,2,5.17,2023,9,12391112704,1.688,9,76.73999786,12912279552,108168000,19310476000,27196797000,4126909000,1405045000,26536040000,High Risk of Bankruptcy
KO,Coca-Cola Company (The),Consumer Staples,Soft Drinks & Non-alcoholic Beverages,7.23,9.54,4.86,21.63,3,34.51,2023,9,3.09E+11,0.609,2,57.18352509,2.70E+11,12421000000,42064000000,97703000000,73782000000,14479000000,45754000000,Low Risk of Bankruptcy
KR,Kroger,Consumer Staples,Food Retail,6.55,9.12,5.6,21.27,3,32.98,2023,9,40625352704,0.46,8,44.66292191,46861307904,-9239000000,19247000000,50505000000,26946000000,3277000000,1.50E+11,Low Risk of Bankruptcy
L,Loews Corporation,Financials,Multi-line Insurance,0.59,4.25,11.53,16.38,2,15.19,2023,9,17404710912,0.818,7,69.36588287,18677600256,9534000000,9003000000,79197000000,15617000000,2372000000,15678000000,Moderate Risk of Bankruptcy
LDOS,Leidos,Industrials,Diversified Support Services,3.37,9.03,5.25,17.65,2,19.29,2023,9,20855037952,0.704,3,107.0885086,18924802048,2959000000,5198000000,12695000000,2364000000,615000000,15438000000,Low Risk of Bankruptcy
LEN,Lennar,Consumer Discretionary,Homebuilding,11.26,8.55,5.55,25.36,2,50.5,2023,9,50908487680,1.609,10,141.9054565,33855453184,0,4189239000,41312781000,25753078000,4849973000,35441452000,Low Risk of Bankruptcy
LH,LabCorp,Health Care,Health Care Services,0.43,12.71,6.6,19.74,2,27.05,2023,9,19060506624,1.041,4,224.3397827,20703234048,0,5954200000,16725100000,7888200000,768500000,12161600000,Low Risk of Bankruptcy
LKQ,LKQ Corporation,Consumer Discretionary,Distributors,3.8,4,3.27,11.07,2,3.74,2023,9,10751375360,1.283,3,46.46921539,9540532224,-50000000,5638000000,15079000000,7290000000,1449000000,13866000000,Moderate Risk of Bankruptcy
LLY,Lilly (Eli),Health Care,Pharmaceuticals,2.54,12.6,9.14,24.28,2,45.9,2023,9,8.16E+11,0.422,5,579.1401367,7.55E+11,8424200000,25225300000,64006300000,10312300000,7040500000,34124100000,Low Risk of Bankruptcy
LMT,Lockheed Martin,Industrials,Aerospace & Defense,7.96,15.11,7.11,30.18,3,69.64,2023,9,1.37E+11,0.469,6,441.6768799,1.07E+11,12518000000,20270000000,55617000000,14551000000,7256000000,71043000000,Low Risk of Bankruptcy
LNT,Alliant Energy,Utilities,Electric Utilities,8.54,6.55,6.28,21.36,0,33.39,2023,9,15520779264,0.57,2,49.05092239,15245830144,-307000000,9509000000,21237000000,3756000000,1127000000,4027000000,High Risk of Bankruptcy
LOW,Lowe's,Consumer Discretionary,Home Improvement Retail,3.31,5.31,3.17,11.78,2,4.69,2023,9,1.46E+11,1.09,4,217.4430389,1.45E+11,-8705000000,40145000000,41795000000,-15637000000,11658000000,86377000000,Low Risk of Bankruptcy
LRCX,Lam Research,Information Technology,Semiconductor Materials & Equipment,4.5,3.97,5.14,13.61,1,7.91,2023,9,99490209792,1.483,1,77.5372467,1.01E+11,7441835000,4983334000,18744728000,24811315000,4545458000,14905386000,Low Risk of Bankruptcy
LULU,Lululemon Athletica,Consumer Discretionary,"Apparel, Accessories & Luxury Goods",1.58,9.86,5.5,16.94,2,16.93,2023,9,32572626944,1.253,8,511.2900085,50374127616,2190057000,1403282000,7091941000,3920362000,2207177000,9619278000,Low Risk of Bankruptcy
LUV,Southwest Airlines,Industrials,Passenger Airlines,11.04,13.69,5.95,30.67,2,71.33,2023,9,17099948032,1.162,6,28.22545624,18501888000,0,9200000000,36487000000,16297000000,869000000,26091000000,Moderate Risk of Bankruptcy
LVS,Las Vegas Sands,Consumer Discretionary,Casinos & Gaming,2.3,7.72,8.67,18.69,2,22.99,2023,9,30488285184,1.113,10,48.35903931,31292555264,0,14029000000,21778000000,2600000000,2593000000,10372000000,Moderate Risk of Bankruptcy
LYB,LyondellBasell,Materials,Specialty Chemicals,13.5,2.1,5.09,20.69,2,30.53,2023,9,30880202752,1.082,1,89.89740753,25152118784,3669000000,13001000000,37000000000,9692000000,3104000000,41107000000,Low Risk of Bankruptcy
MA,Mastercard,Financials,Transaction & Payment Processing Services,2.15,6.66,8.27,17.07,4,17.41,2023,9,4.63E+11,1.103,1,423.4329529,5.14E+11,10837000000,15681000000,42448000000,62564000000,14214000000,25098000000,Low Risk of Bankruptcy
MAA,Mid-America Apartment Communities,Real Estate,Multi-Family Residential REITs,3.9,2.95,6.25,13.09,1,6.87,2023,9,19992911872,0.873,5,127.5779343,18584182784,-53147000,4567569000,11484503000,-1298263000,720079000,2148468000,Moderate Risk of Bankruptcy
MAR,Marriott International,Consumer Discretionary,"Hotels, Resorts & Cruise Lines",8.55,9.16,3.72,21.43,3,33.65,2023,9,66329636864,1.591,7,223.2866211,80811278336,-755000000,12760000000,25674000000,14838000000,3943000000,23713000000,Low Risk of Bankruptcy
MAS,Masco,Industrials,Building Products,9.73,5.64,6.82,22.19,1,36.81,2023,9,17732730880,1.247,8,65.94599915,16610514944,994000000,3206000000,5363000000,-596000000,1344000000,7967000000,Low Risk of Bankruptcy
MCD,McDonald's,Consumer Discretionary,Restaurants,7.56,12.56,5.84,25.95,3,52.97,2023,9,2.11E+11,0.724,6,289.4945374,2.06E+11,6830700000,53091100000,56146800000,63479900000,11883000000,25493700000,Low Risk of Bankruptcy
MCHP,Microchip Technology,Information Technology,Semiconductors,15.25,9.16,7.4,31.82,1,75,2023,9,41310883840,1.519,6,88.17677307,27943315456,1484000000,6032400000,15873200000,6759500000,2556900000,7634400000,Low Risk of Bankruptcy
MCK,McKesson Corporation,Health Care,Health Care Distributors,1.65,7.28,6.29,15.23,3,11.87,2023,9,67408543744,0.441,3,460.8176575,77378813952,0,7390000000,67443000000,14978000000,4041000000,3.09E+11,Low Risk of Bankruptcy
MCO,Moody's Corporation,Financials,Financial Exchanges & Data,1.61,6.09,8.12,15.82,2,13.52,2023,9,88281661440,1.29,3,387.4707031,89717506048,0,0,0,0,0,0,High Risk of Bankruptcy
MDLZ,Mondelez International,Consumer Staples,Packaged Foods & Meats,7.23,9.39,5.41,22.02,3,36.13,2023,9,1.01E+11,0.548,5,70.51712036,74307649536,-4563000000,19945000000,71391000000,34236000000,6430000000,36016000000,Low Risk of Bankruptcy
MDT,Medtronic,Health Care,Health Care Equipment,1.78,13.43,7.57,22.77,3,39.15,2023,9,1.14E+11,0.854,6,79.6596756,1.17E+11,0,25024000000,89981000000,30403000000,5556000000,32364000000,Low Risk of Bankruptcy
MET,MetLife,Financials,Life & Health Insurance,0.69,6.96,8.77,16.43,2,15.34,2023,9,54821441536,1.029,4,64.13144684,58398699520,49800000000,18828000000,6.88E+11,40146000000,3207000000,66407000000,Moderate Risk of Bankruptcy
META,Meta Platforms,Communication Services,Interactive Media & Services,2.71,21.09,10.29,34.08,4,81.17,2023,9,1.36E+12,1.213,10,352.6130371,1.82E+12,35364000000,49060000000,2.76E+11,1.03E+11,71378000000,1.65E+11,Low Risk of Bankruptcy
MGM,MGM Resorts,Consumer Discretionary,Casinos & Gaming,1.3,12.97,10.49,24.76,2,47.92,2023,9,11303280640,2.236,1,44.68000031,10255653888,0,31555428000,42368548000,3664008000,1933056000,16164249000,High Risk of Bankruptcy
MHK,Mohawk Industries,Consumer Discretionary,Home Furnishings,5.75,4.19,4.19,14.14,2,9.08,2023,9,9834908672,1.375,1,103.5,7555619328,1498521000,3149866000,13559869000,6970244000,-276995000,11135115000,Low Risk of Bankruptcy
MKC,McCormick & Company,Consumer Staples,Packaged Foods & Meats,9.63,11.09,5.35,26.07,2,53.45,2023,9,22768777216,0.758,10,66.89530945,20513978368,-390500000,4508500000,13070300000,3545000000,1107700000,6723700000,Low Risk of Bankruptcy
MLM,Martin Marietta Materials,Materials,Construction Materials,16.68,4.77,8.67,30.12,2,69.4,2023,9,32638973952,0.908,8,496.2361755,32838141952,1591500000,4725200000,15124900000,4562600000,1658100000,6777200000,Low Risk of Bankruptcy
MMC,Marsh McLennan,Financials,Insurance Brokers,0.09,11.31,9.67,21.07,2,32.16,2023,9,1.14E+11,0.937,1,186.0468445,1.10E+11,-3243000000,15436000000,48030000000,22759000000,5604000000,22736000000,Low Risk of Bankruptcy
MMM,3M,Industrials,Industrial Conglomerates,17.22,13.59,6.54,37.35,5,88.51,2023,9,73377218560,0.995,9,88.34252167,81843003392,2019000000,16854000000,50580000000,37479000000,-8746000000,32681000000,Low Risk of Bankruptcy
MNST,Monster Beverage,Consumer Staples,Soft Drinks & Non-alcoholic Beverages,12.07,12.04,5.11,29.23,2,65.85,2023,9,50022043648,0.737,9,57.61000061,44760236032,3043455000,0,9686522000,5939736000,1953355000,7140027000,High Risk of Bankruptcy
MO,Altria,Consumer Staples,Tobacco,6.1,17.64,7.58,31.32,3,73.6,2023,9,86164111360,0.687,2,37.14906693,88776024064,3788000000,26233000000,38570000000,31094000000,12077000000,20502000000,Low Risk of Bankruptcy
MOS,Mosaic Company (The),Materials,Fertilizers & Agricultural Chemicals,13.87,11.05,8.6,33.52,2,79.8,2023,9,8173065216,1.363,3,34.68883514,8973470720,0,3994800000,23032800000,14241900000,1514900000,13696100000,Low Risk of Bankruptcy
MPC,Marathon Petroleum,Energy,Oil & Gas Refining & Marketing,17.09,8.15,5.25,30.49,3,70.7,2023,9,54844665856,1.364,6,145.3976898,49735241728,2943000000,28501000000,85987000000,34562000000,15254000000,1.48E+11,Low Risk of Bankruptcy
MRK,Merck & Co.,Health Care,Pharmaceuticals,1.85,10.64,8.9,21.39,3,33.51,2023,9,3.00E+11,0.401,4,106.1233978,2.24E+11,0,35055000000,1.07E+11,53895000000,3035000000,60115000000,Low Risk of Bankruptcy
MRO,Marathon Oil,Energy,Oil & Gas Exploration & Production,21.07,9.05,7.6,37.72,2,89.03,2023,9,15304718336,2.169,5,#N/A,#N/A,#N/A,#N/A,#N/A,#N/A,#N/A,#N/A,High Risk of Bankruptcy
MS,Morgan Stanley,Financials,Investment Banking & Brokerage,1.14,12.91,10.53,24.58,2,47.11,2023,9,1.62E+11,1.357,9,89.3780365,2.20E+11,-69382000000,2.76E+11,1.19E+12,97996000000,0,50667000000,High Risk of Bankruptcy
MSCI,MSCI,Financials,Financial Exchanges & Data,1.57,6.97,7.74,16.27,1,14.86,2023,9,44539666432,1.111,4,559.151062,45694382080,1345461000,4627862000,5518219000,4179681000,1555740000,2528920000,Low Risk of Bankruptcy
MSFT,Microsoft,Information Technology,Systems Software,1.46,7.53,6.07,15.06,3,11.36,2023,9,3.23E+12,0.896,1,373.2489014,3.06E+12,60079000000,67127000000,5.12E+11,1.73E+11,1.11E+11,2.45E+11,Low Risk of Bankruptcy
MSI,Motorola Solutions,Information Technology,Communications Equipment,2.26,5.07,5.8,13.13,1,6.98,2023,9,73940533248,0.977,2,309.9705811,79283036160,3796000000,6550000000,13336000000,1640000000,2395000000,9978000000,Low Risk of Bankruptcy
MTB,M&T Bank,Financials,Regional Banks,2.63,10.32,13.58,26.53,1,55.08,2023,9,29028114432,0.744,8,132.7201843,32959791104,28098000000,13201000000,2.08E+11,17524000000,0,9398000000,Moderate Risk of Bankruptcy
MTD,Mettler Toledo,Health Care,Life Sciences Tools & Services,1,7.41,4.69,13.1,0,6.93,2023,9,29563645952,1.139,5,1212.959961,28348733440,633927000,2080839000,3355555000,7510756000,1051094000,3788309000,Low Risk of Bankruptcy
MU,Micron Technology,Information Technology,Semiconductors,7.23,5.46,5.49,18.18,2,21.15,2023,9,98387369984,1.176,1,84.97698212,1.01E+11,10188000000,14007000000,69416000000,40877000000,1802000000,25111000000,Low Risk of Bankruptcy
NCLH,Norwegian Cruise Line Holdings,Consumer Discretionary,"Hotels, Resorts & Cruise Lines",8.97,10.9,6.08,25.94,2,52.93,2023,9,8688294912,2.712,5,20.04000092,12267852800,981164000,14058925000,19492990000,-6900137000,890707000,8549924000,High Risk of Bankruptcy
NDAQ,"Nasdaq, Inc.",Financials,Financial Exchanges & Data,0.03,5.63,7.43,13.09,1,6.89,2023,9,42128486400,0.962,3,57.33046341,47469260800,-6140000000,10871000000,32294000000,7825000000,1673000000,6064000000,Low Risk of Bankruptcy
NDSN,Nordson Corporation,Industrials,Industrial Machinery & Supplies & Components,8.18,11.61,5.1,24.89,1,48.54,2023,9,14591575040,0.902,8,261.0505371,12345236480,684075000,2320351000,6000966000,4295199000,674405000,2689921000,Low Risk of Bankruptcy
NEE,NextEra Energy,Utilities,Multi-Utilities,9.38,8.3,5.6,23.27,2,41.38,2023,9,1.75E+11,0.551,4,59.02133179,1.44E+11,-1163000000,73211000000,1.77E+11,30235000000,10612000000,28114000000,High Risk of Bankruptcy
NEM,Newmont,Materials,Gold,7.05,8.24,5.22,20.52,3,29.93,2023,9,60940009472,0.513,6,40.3828392,51321331712,3283000000,9436000000,55506000000,-2996000000,-1788000000,11812000000,Low Risk of Bankruptcy
NFLX,Netflix,Communication Services,Movies & Entertainment,0.09,7.31,9.01,16.41,2,15.33,2023,9,3.03E+11,1.262,9,486.8800049,4.26E+11,5595859000,15582804000,53630374000,31300917000,10684390000,39000966000,Low Risk of Bankruptcy
NI,NiSource,Utilities,Multi-Utilities,11.98,9.17,4.87,26.02,3,53.23,2023,9,15419760640,0.504,2,25.42708778,17590847488,2478300000,14127900000,31077200000,-967000000,1315100000,5505400000,High Risk of Bankruptcy
NKE,"Nike, Inc.",Consumer Discretionary,"Apparel, Accessories & Luxury Goods",2.98,9.99,6.65,19.61,3,26.58,2023,9,1.21E+11,1.014,9,106.7390213,1.12E+11,0,11952000000,38110000000,965000000,6311000000,51362000000,Low Risk of Bankruptcy
NOC,Northrop Grumman,Industrials,Aerospace & Defense,7.79,14.37,5.37,27.53,2,59.19,2023,9,76233113600,0.337,4,460.3963623,70017032192,5032000000,16490000000,49359000000,15297000000,5637000000,41033000000,Low Risk of Bankruptcy
NOW,ServiceNow,Information Technology,Systems Software,3.99,6.04,6.57,16.59,0,15.89,2023,9,1.84E+11,0.987,5,706.4899902,2.11E+11,4833000000,2278000000,20383000000,3494000000,1761000000,10984000000,Low Risk of Bankruptcy
NRG,NRG Energy,Utilities,Independent Power Producers & Energy Traders,16.8,9.5,5.69,31.97,2,75.48,2023,9,16782821376,1.085,9,50.30350494,20497653760,-1719000000,10971000000,26038000000,820000000,454000000,28823000000,Moderate Risk of Bankruptcy
NSC,Norfolk Southern Railway,Industrials,Rail Transportation,8.02,10.48,5.42,23.92,3,44.15,2023,9,55861764096,1.307,10,231.1150208,57293156352,1415000000,17571000000,41652000000,10695000000,3042000000,12156000000,Moderate Risk of Bankruptcy
NTAP,NetApp,Information Technology,"Technology Hardware, Storage & Peripherals",2.19,7.74,5.5,15.43,1,12.46,2023,9,24377368576,1.219,2,86.13312531,24677281792,2428000000,2652000000,9887000000,208000000,1327000000,6268000000,Low Risk of Bankruptcy
NTRS,Northern Trust,Financials,Asset Management & Custody Banks,1.87,11.83,10.17,23.86,2,43.85,2023,9,18278486016,1.096,5,81.59035492,21934921728,41269300000,13406000000,1.51E+11,14233800000,0,6773500000,High Risk of Bankruptcy
NUE,Nucor,Materials,Steel,9.3,14.72,8.8,32.82,2,77.92,2023,9,33929832448,1.563,7,171.511673,30967138304,8040332000,6842186000,35340499000,28762045000,6518711000,34713501000,Low Risk of Bankruptcy
NVDA,Nvidia,Information Technology,Semiconductors,2.3,4.95,6.34,13.59,2,7.86,2023,9,2.84E+12,1.673,8,49.50796509,2.98E+12,17461000000,11056000000,65728000000,29817000000,34075000000,60922000000,Low Risk of Bankruptcy
NVR,"NVR, Inc.",Consumer Discretionary,Homebuilding,7.21,7.82,5.24,20.27,1,28.96,2023,9,29192695808,1.187,9,7000.450195,24325746688,2716645000,1014299000,6601757000,13365025000,1956113000,9534889000,Low Risk of Bankruptcy
NWSA,News Corp (Class A),Communication Services,Publishing,0.02,4.74,6.72,11.47,2,4.24,2023,9,15057525760,1.358,10,24.36457825,17011454976,3287000000,4053000000,16684000000,-1889000000,631000000,10085000000,Low Risk of Bankruptcy
NXPI,NXP Semiconductors,Information Technology,Semiconductors,8.58,5.45,5.81,19.84,1,27.41,2023,9,59243253760,1.497,2,226.8744202,52168060928,2927000000,11175000000,24353000000,-2793000000,3790000000,13276000000,Low Risk of Bankruptcy
O,Realty Income,Real Estate,Retail REITs,4.41,5.32,5.74,15.47,2,12.57,2023,9,54585954304,0.992,5,54.02494049,47331414016,2826552000,21989695000,57779357000,-6762136000,1707980000,4078993000,High Risk of Bankruptcy
OKE,ONEOK,Energy,Oil & Gas Storage & Transportation,10.83,11.01,3.31,25.15,1,49.57,2023,9,55288446976,1.634,5,66.17917633,60585836544,-54000000,21764000000,44266000000,868000000,4363000000,17677000000,Moderate Risk of Bankruptcy
OMC,Omnicom Group,Communication Services,Advertising,0.09,9.33,6.86,16.28,1,14.89,2023,9,19903373312,0.964,1,83.94926453,16663552000,264900000,6503500000,28044600000,10571500000,2208500000,14692200000,Moderate Risk of Bankruptcy
ON,ON Semiconductor,Information Technology,Semiconductors,11.79,5.69,4.95,22.43,1,37.75,2023,9,30593183744,1.656,2,83.52999878,21315397632,2741200000,3359800000,13215200000,6548100000,2610600000,8253000000,Low Risk of Bankruptcy
ORCL,Oracle Corporation,Information Technology,Application Software,0.5,7.79,5.6,13.89,2,8.51,2023,9,4.64E+11,1,10,103.9009018,4.77E+11,12637000000,86869000000,1.41E+11,-22628000000,15255000000,52961000000,Low Risk of Bankruptcy
ORLY,O'Reilly Auto Parts,Consumer Discretionary,Automotive Retail,0.14,8.15,3.76,12.05,1,5.1,2023,9,65588211712,0.924,9,950.0800171,77335470080,-5922702000,7841005000,13872995000,-3131532000,3206418000,15812250000,Low Risk of Bankruptcy
OXY,Occidental Petroleum,Energy,Oil & Gas Exploration & Production,24.98,9.7,6.97,41.66,2,93.23,2023,9,47697215488,1.605,2,58.75846863,44327325696,0,20911000000,74008000000,19626000000,7374000000,28257000000,Moderate Risk of Bankruptcy
PANW,Palo Alto Networks,Information Technology,Systems Software,0.7,7.62,5.6,13.92,1,8.57,2023,9,1.13E+11,1.132,10,147.4400024,1.21E+11,5320800000,1344400000,19990900000,1350200000,993100000,8027500000,Low Risk of Bankruptcy
PARA,Paramount Global,Communication Services,Movies & Entertainment,0.11,7.51,7.37,14.99,3,11.14,2023,9,7424509952,1.77,10,14.51996803,7717178368,8991000000,15858000000,53543000000,13829000000,-333000000,29652000000,High Risk of Bankruptcy
PAYX,Paychex,Industrials,Human Resource & Employment Services,3.21,7.16,6.36,16.73,1,16.37,2023,9,48633491456,0.993,4,115.5918655,53735804928,-1026700000,866300000,10383100000,2213000000,2255300000,5278300000,Low Risk of Bankruptcy
PCAR,Paccar,Industrials,Construction Machinery & Heavy Transportation Equipment,8.36,10.99,8.3,27.64,3,59.68,2023,9,51368513536,0.901,5,93.87158203,55492005888,23126600000,14234500000,40823400000,15780300000,5946400000,35127400000,Low Risk of Bankruptcy
PCG,PG&E Corporation,Utilities,Multi-Utilities,9.58,15.38,5.42,30.38,4,70.35,2023,9,52330303488,1.017,4,17.97717857,33374253056,4787000000,57733000000,1.26E+11,-5321000000,3549000000,24428000000,High Risk of Bankruptcy
PEG,Public Service Enterprise Group,Utilities,Electric Utilities,12.48,9.28,5.46,27.23,2,57.89,2023,9,42229178368,0.623,3,59.23806763,41718870016,-336000000,20406000000,50741000000,12017000000,3769000000,11237000000,Moderate Risk of Bankruptcy
PEP,PepsiCo,Consumer Staples,Soft Drinks & Non-alcoholic Beverages,7.27,9.63,5.16,22.06,3,36.32,2023,9,2.43E+11,0.541,5,164.5699615,1.97E+11,4720000000,44661000000,1.00E+11,70035000000,12236000000,91471000000,Low Risk of Bankruptcy
PFE,Pfizer,Health Care,Pharmaceuticals,2.12,12.85,9.63,24.59,3,47.15,2023,9,1.69E+11,0.617,7,26.69027519,1.48E+11,-3944000000,70845000000,2.27E+11,1.18E+11,3267000000,58496000000,Moderate Risk of Bankruptcy
PFG,Principal Financial Group,Financials,Life & Health Insurance,0.81,5.82,7.56,14.19,1,9.21,2023,9,19411369984,1.192,7,75.98786163,18419304448,29318200000,3992000000,3.05E+11,16683500000,0,13665800000,Low Risk of Bankruptcy
PG,Procter & Gamble,Consumer Staples,Personal Care Products,9.6,12.23,6.74,28.57,3,63.39,2023,9,4.13E+11,0.407,4,142.1138611,3.92E+11,-677000000,33369000000,1.22E+11,1.24E+11,19686000000,84039000000,Low Risk of Bankruptcy
PGR,Progressive Corporation,Financials,Property & Casualty Insurance,1.45,8.5,10.07,20.02,2,28.02,2023,9,1.50E+11,0.353,3,155.2815704,1.46E+11,0,6888600000,88690800000,18800500000,5172100000,62082300000,Low Risk of Bankruptcy
PH,Parker Hannifin,Industrials,Industrial Machinery & Supplies & Components,9.46,13.78,6.24,29.48,2,66.96,2023,9,77822435328,1.431,6,455.6801147,88694620160,2020185000,10560099000,29297842000,19104599000,4101098000,19929606000,Low Risk of Bankruptcy
PHM,PulteGroup,Consumer Discretionary,Homebuilding,9.19,7.31,4.92,21.42,2,33.61,2023,9,29148821504,1.627,5,102.5192871,22683095040,1303176000,2553399000,16087050000,7012724000,3449736000,16061578000,Low Risk of Bankruptcy
PKG,Packaging Corporation of America,Materials,Paper & Plastic Packaging Products & Materials,13.96,1.06,3.62,18.64,1,22.83,2023,9,19272724480,0.786,6,158.8798981,18984755200,1345400000,3173200000,8681100000,3447200000,1067400000,7802400000,Low Risk of Bankruptcy
PLD,Prologis,Real Estate,Industrial REITs,2.74,2.5,5.03,10.27,1,2.96,2023,9,1.20E+11,1.083,8,129.0961761,1.09E+11,-695475000,29598064000,93020840000,-627068000,4082906000,8023469000,Moderate Risk of Bankruptcy
PM,Philip Morris International,Consumer Staples,Tobacco,3.42,13.54,11.49,28.45,3,62.86,2023,9,1.92E+11,0.578,5,89.58918762,2.03E+11,4838000000,47909000000,65304000000,34090000000,11976000000,35174000000,Low Risk of Bankruptcy
PNC,PNC Financial Services,Financials,Regional Banks,1.94,13.29,10.83,26.07,3,53.42,2023,9,72141553664,1.128,2,147.825592,78662787072,57185000000,72737000000,5.62E+11,56290000000,0,21509000000,High Risk of Bankruptcy
PNR,Pentair,Industrials,Industrial Machinery & Supplies & Components,5.97,10.01,6.07,22.06,1,36.3,2023,9,15541917696,1.191,5,71.71271515,16257904640,454000000,2093600000,6563300000,1866200000,737200000,4104500000,Low Risk of Bankruptcy
PNW,Pinnacle West,Utilities,Multi-Utilities,14.72,10.23,5.84,30.79,1,71.78,2023,9,10374980608,0.516,5,67.95778656,9965236224,1463000,10303194000,24661153000,3466317000,927016000,4695991000,High Risk of Bankruptcy
PPG,PPG Industries,Materials,Specialty Chemicals,10.98,7.7,6.54,25.21,2,49.85,2023,9,29736417280,1.25,6,146.4911346,25867999232,0,6870000000,21647000000,21500000000,1995000000,18246000000,Low Risk of Bankruptcy
PPL,PPL Corporation,Utilities,Electric Utilities,17.08,8.9,5.33,31.32,2,73.57,2023,9,24110428160,0.835,2,26.17899323,24847448064,404000000,15604000000,39236000000,2710000000,1590000000,8312000000,High Risk of Bankruptcy
PRU,Prudential Financial,Financials,Life & Health Insurance,0.64,10.01,9.25,19.91,1,27.67,2023,9,42368761856,1.286,4,99.22286224,40433762304,31940000000,20874000000,7.21E+11,32352000000,0,54265000000,High Risk of Bankruptcy
PSA,Public Storage,Real Estate,Self-Storage REITs,4.74,2.61,5.7,13.05,1,6.78,2023,9,63529824256,0.67,6,293.3026428,52317528064,370002000,9103277000,19809216000,-267910000,2372073000,4517690000,Low Risk of Bankruptcy
PSX,Phillips 66,Energy,Oil & Gas Refining & Marketing,20.76,8.82,5.85,35.43,3,84.49,2023,9,53702402048,1.322,7,128.9177704,50931867648,5290000000,19359000000,75501000000,30550000000,10395000000,1.47E+11,Low Risk of Bankruptcy
PTC,PTC,Information Technology,Application Software,4.92,8.61,5.37,18.9,0,23.78,2023,9,21107718144,1.177,5,174.9600067,23073449984,1171609000,1930326000,6383542000,1349610000,588615000,2298472000,Low Risk of Bankruptcy
PWR,Quanta Services,Industrials,Construction & Engineering,12.15,15.73,9.04,36.91,2,87.83,2023,9,40356634624,1.009,4,215.5164948,44505018368,5473651000,4463697000,16237225000,4858066000,1156869000,20882206000,Low Risk of Bankruptcy
PYPL,PayPal,Financials,Transaction & Payment Processing Services,2.83,9.19,5.75,17.77,2,19.71,2023,9,73372622848,1.438,8,61.40999985,77980983296,15516000000,9676000000,82166000000,23200000000,5758000000,29771000000,Low Risk of Bankruptcy
QCOM,Qualcomm,Information Technology,Semiconductors,5.34,4.5,5.55,15.39,3,12.29,2023,9,1.88E+11,1.284,2,141.8330231,1.88E+11,7428000000,14634000000,55154000000,25687000000,11033000000,38962000000,Low Risk of Bankruptcy
QRVO,Qorvo,Information Technology,Semiconductors,12.32,8.5,7.7,28.52,0,63.22,2023,9,9529769984,1.457,7,112.6100006,7590824960,1081058000,1988012000,6554635000,-89598000,142805000,3769506000,Low Risk of Bankruptcy
RCL,Royal Caribbean Group,Consumer Discretionary,"Hotels, Resorts & Cruise Lines",8.15,7.68,4.88,20.71,3,30.6,2023,9,43694575616,2.621,9,128.8892517,70992289792,692000000,22130000000,35131000000,-10000000,3106000000,13900000000,Moderate Risk of Bankruptcy
REG,Regency Centers,Real Estate,Retail REITs,3.72,3.21,4.77,11.71,0,4.62,2023,9,13652682752,1.218,1,64.34507751,13132735488,-58774000,4798314000,12426913000,-1871603000,526643000,1322466000,High Risk of Bankruptcy
REGN,Regeneron,Health Care,Biotechnology,0.34,10.96,6.74,18.04,2,20.59,2023,9,1.27E+11,0.122,10,878.289978,79509258240,0,2702900000,33080200000,27260300000,4272300000,13117200000,Low Risk of Bankruptcy
RF,Regions Financial Corporation,Financials,Regional Banks,1.82,6.67,8.36,16.85,2,16.67,2023,9,20617766912,1.188,7,18.51918793,22167191552,7415000000,2330000000,1.52E+11,8186000000,0,7574000000,Low Risk of Bankruptcy
RJF,Raymond James,Financials,Investment Banking & Brokerage,2.35,11.23,13.44,27.02,2,56.98,2023,9,24853202944,1.03,7,109.9398575,33667950592,9709000000,3089000000,82992000000,11894000000,0,12639000000,Low Risk of Bankruptcy
RL,Ralph Lauren Corporation,Consumer Discretionary,"Apparel, Accessories & Luxury Goods",1.22,7.79,5.62,14.62,2,10.27,2023,9,11238284288,1.502,10,141.8334503,15320271872,0,2675300000,6602600000,7051600000,819600000,6631400000,Low Risk of Bankruptcy
RMD,ResMed,Health Care,Health Care Equipment,3.54,12.41,10.43,26.39,1,54.57,2023,9,36993007616,0.691,4,170.4291687,35626999808,1013266000,873935000,6872394000,4991647000,1310506000,4685297000,Low Risk of Bankruptcy
ROK,Rockwell Automation,Industrials,Electrical Components & Equipment,5.37,6.64,5.65,17.67,2,19.34,2023,9,29864515584,1.363,9,304.7808533,30589554688,1576100000,4085000000,11232100000,9634900000,1253700000,8264200000,Low Risk of Bankruptcy
ROL,"Rollins, Inc.",Industrials,Environmental & Facilities Services,1.76,10.63,6.92,19.31,1,25.54,2023,9,24893739008,0.697,9,43.09415054,24014745600,222312000,816348000,2595460000,566402000,605312000,3073278000,Low Risk of Bankruptcy
ROP,Roper Technologies,Information Technology,Electronic Equipment & Instruments,4.67,9.67,6.09,20.44,0,29.61,2023,9,59662757888,1.022,8,541.286377,61642199040,0,6373400000,28167500000,14816300000,1907800000,6177800000,Low Risk of Bankruptcy
ROST,Ross Stores,Consumer Discretionary,Apparel Retail,1.79,10.76,5.68,18.23,2,21.36,2023,9,50816126976,1.092,7,137.0332947,48278511616,3250068000,5747704000,14300109000,3548667000,2545870000,20376941000,Low Risk of Bankruptcy
RSG,Republic Services,Industrials,Environmental & Facilities Services,11.19,6.02,3.7,20.91,3,31.4,2023,9,64497053696,0.707,1,163.048996,68858994688,719700000,13069100000,31410100000,8433900000,2699700000,14964500000,Low Risk of Bankruptcy
RVTY,Revvity,Health Care,Health Care Equipment,0.75,10.1,5.85,16.7,2,16.28,2023,9,15145726976,1.046,8,108.9640503,15010723840,0,4065295000,13564665000,5609212000,281789000,2750571000,Low Risk of Bankruptcy
SBAC,SBA Communications,Real Estate,Telecom Tower REITs,3.11,3.23,5.23,11.58,0,4.42,2023,9,26340440064,0.664,7,249.068985,21301381120,383474000,14463465000,10178441000,-7450824000,984744000,2711584000,High Risk of Bankruptcy
SBUX,Starbucks,Consumer Discretionary,Restaurants,5.79,14.62,4.27,24.67,3,47.54,2023,9,1.09E+11,0.96,1,93.56942749,1.26E+11,3217600000,25803100000,31339300000,-7343800000,5531600000,36176200000,Low Risk of Bankruptcy
SCHW,Charles Schwab Corporation,Financials,Investment Banking & Brokerage,2.39,8.95,11.94,23.28,2,41.39,2023,9,1.17E+11,0.964,10,67.79585266,1.49E+11,32119000000,59081000000,4.93E+11,33901000000,0,18837000000,High Risk of Bankruptcy
SHW,Sherwin-Williams,Materials,Specialty Chemicals,14.31,9.2,5.85,29.35,2,66.41,2023,9,95620767744,1.168,8,309.3079224,90191069184,868100000,11809700000,22954400000,5288300000,3527400000,23051900000,Low Risk of Bankruptcy
SJM,J.M. Smucker Company (The),Consumer Staples,Packaged Foods & Meats,12.89,11.99,5.57,30.45,2,70.6,2023,9,12862360576,0.232,7,121.8264084,11045981184,-723700000,8548000000,20273700000,2188100000,1260700000,8178700000,High Risk of Bankruptcy
SLB,Schlumberger,Energy,Oil & Gas Equipment & Services,8.08,6.29,5.91,20.28,1,29,2023,9,58923360256,1.528,1,50.76124573,57126662144,8840000000,12074000000,48935000000,16395000000,6184000000,36289000000,Low Risk of Bankruptcy
SNA,Snap-on,Industrials,Industrial Machinery & Supplies & Components,9,13.91,7.62,30.53,2,70.84,2023,9,14827014144,0.974,5,281.3203125,18667210752,2334800000,1278600000,7544900000,6948500000,1377900000,4730200000,Low Risk of Bankruptcy
SNPS,Synopsys,Information Technology,Application Software,3.34,6.93,4.16,14.42,0,9.81,2023,9,77152632832,1.078,3,514.9099731,80433119232,0,684457000,13073561000,8984105000,1549019000,6127436000,Low Risk of Bankruptcy
SO,Southern Company,Utilities,Electric Utilities,14.68,11,7.3,32.98,2,78.44,2023,9,98390876160,0.509,1,67.63116455,91253710848,2062000000,63490000000,1.39E+11,12482000000,6791000000,25253000000,High Risk of Bankruptcy
SPG,Simon Property Group,Real Estate,Retail REITs,3.83,3.99,6.15,13.98,1,8.73,2023,9,61818773504,1.769,10,135.682724,66334814208,895126000,26518284000,34283495000,-6095576000,3553540000,5658836000,High Risk of Bankruptcy
SPGI,S&P Global,Financials,Financial Exchanges & Data,0,6.22,6.82,13.04,1,6.76,2023,9,1.65E+11,1.177,3,437.1164246,1.60E+11,3526000000,12000000000,60589000000,18728000000,4005000000,12497000000,Low Risk of Bankruptcy
SRE,Sempra,Utilities,Multi-Utilities,10.86,7.85,4.88,23.59,2,42.73,2023,9,53152604160,0.759,7,72.4318161,51660713984,-752000000,31076000000,87181000000,15732000000,3936000000,16720000000,High Risk of Bankruptcy
STLD,Steel Dynamics,Materials,Steel,10.56,14.36,8.06,32.98,1,78.41,2023,9,17666150400,1.327,2,116.3911819,19262797824,2083654000,3071056000,14908420000,13545590000,3295427000,18795316000,Low Risk of Bankruptcy
STT,State Street Corporation,Financials,Asset Management & Custody Banks,1.61,12.95,9.52,24.08,1,45.05,2023,9,25887369216,1.495,5,74.81190491,28600829952,97515000000,21500000000,2.97E+11,27957000000,0,11945000000,High Risk of Bankruptcy
STX,Seagate Technology,Information Technology,"Technology Hardware, Storage & Peripherals",1.59,3.8,5.26,10.66,1,2.13,2021,5,21484713984,1.058,6,82.94208527,19992023040,307000000,5674000000,7739000000,-8960000000,777000000,6551000000,High Risk of Bankruptcy
STZ,Constellation Brands,Consumer Staples,Distillers & Vintners,9.45,10.04,5.18,24.66,2,47.5,2023,9,46082215936,0.873,8,237.9108429,31326822400,64600000,12557600000,25691700000,13417200000,2657200000,9961800000,Moderate Risk of Bankruptcy
SWK,Stanley Black & Decker,Industrials,Industrial Machinery & Supplies & Components,5,12.51,7.8,25.31,2,50.29,2023,9,15857777664,1.236,4,94.66846466,12737030144,-920900000,7304600000,23663800000,8540200000,183700000,15781100000,Moderate Risk of Bankruptcy
SWKS,Skyworks Solutions,Information Technology,Semiconductors,11.82,8.93,7.21,27.95,1,60.89,2023,9,15532438528,1.204,9,109.294754,13859088384,1917400000,1200400000,8283300000,6032900000,667100000,4178000000,Low Risk of Bankruptcy
SYF,Synchrony Financial,Financials,Consumer Finance,0.13,9.89,7.25,17.28,2,18.01,2023,9,19441215488,1.612,8,37.21824646,25969502208,14259000000,15982000000,1.17E+11,18662000000,0,13627000000,High Risk of Bankruptcy
SYK,Stryker Corporation,Health Care,Health Care Equipment,3.99,13.24,11.03,28.26,2,62.09,2023,9,1.42E+11,0.919,5,296.7228394,1.51E+11,6076000000,12995000000,39912000000,16771000000,3906000000,20498000000,Low Risk of Bankruptcy
SYY,Sysco,Consumer Staples,Food Distributors,5.42,6.05,4.47,15.95,2,13.88,2023,9,38230503424,1.198,6,70.70295715,34759794688,75000000,12945000000,24917000000,12260000000,3172000000,78844000000,Low Risk of Bankruptcy
T,AT&T,Communication Services,Integrated Telecommunication Services,3.26,13.94,6.72,23.91,3,44.13,2023,9,1.56E+11,0.733,1,15.60343361,1.75E+11,0,1.55E+11,4.07E+11,-5015000000,26552000000,1.22E+11,High Risk of Bankruptcy
TAP,Molson Coors Beverage Company,Consumer Staples,Brewers,7.25,8.61,5.51,21.37,2,33.42,2023,9,11506942976,0.814,10,59.35307312,10895922176,-433000000,6270800000,26375100000,7484300000,1486500000,11702100000,Moderate Risk of Bankruptcy
TDG,TransDigm Group,Industrials,Aerospace & Defense,12.01,17.71,9,38.72,2,90.45,2023,9,77178421248,1.41,10,958.1361084,72757846016,7643000000,24899000000,25586000000,-7362000000,3501000000,7940000000,Moderate Risk of Bankruptcy
TEL,TE Connectivity,Information Technology,Electronic Manufacturing Services,5.81,4.44,4.55,14.8,0,10.69,2023,9,44913152000,1.325,5,138.7188568,43392159744,2845000000,4331000000,22854000000,14533000000,2867000000,15845000000,Low Risk of Bankruptcy
TER,Teradyne,Information Technology,Semiconductor Materials & Equipment,7.11,4.89,5.03,17.03,0,17.27,2023,9,21165559808,1.492,1,108.0760422,18079199232,1030177000,82614000,3486824000,706514000,529378000,2676298000,Low Risk of Bankruptcy
TFX,Teleflex,Health Care,Health Care Equipment,4.83,16.12,8.67,29.63,2,67.48,2023,9,11376049152,1.156,6,247.7490082,8151333376,594992000,1926372000,7532546000,4109736000,519094000,2974489000,Low Risk of Bankruptcy
TGT,Target Corporation,Consumer Staples,Consumer Staples Merchandise Retail,1.93,7.55,4.86,14.35,3,9.65,2023,9,70409453568,1.238,2,138.3165741,61645553664,-9264000000,19646000000,55356000000,7093000000,5799000000,1.07E+11,Low Risk of Bankruptcy
TJX,TJX Companies,Consumer Discretionary,Apparel Retail,1.89,7.65,4.84,14.38,2,9.73,2023,9,1.35E+11,0.889,7,92.52957916,1.40E+11,1438000000,12542000000,29747000000,6700000000,6046000000,54217000000,Low Risk of Bankruptcy
TMO,Thermo Fisher Scientific,Health Care,Life Sciences Tools & Services,1.44,4.89,6.47,12.81,3,6.31,2023,9,2.35E+11,0.778,3,529.3496704,2.23E+11,16629000000,34917000000,98726000000,47364000000,7673000000,42857000000,Low Risk of Bankruptcy
TMUS,T-Mobile US,Communication Services,Wireless Telecommunication Services,4.19,13.38,7.07,24.63,3,47.33,2023,9,2.40E+11,0.507,10,157.9991302,2.74E+11,9710000000,1.14E+11,2.08E+11,14384000000,18123000000,81400000000,Moderate Risk of Bankruptcy
TPR,"Tapestry, Inc.",Consumer Discretionary,"Apparel, Accessories & Luxury Goods",1.1,8.57,5.18,14.84,2,10.81,2023,9,9963964416,1.552,6,35.73765182,17076877312,6294000000,8764500000,13396300000,-722200000,1136900000,6671200000,Moderate Risk of Bankruptcy
TRGP,Targa Resources,Energy,Oil & Gas Storage & Transportation,14.23,14.75,4.24,33.21,2,79.06,2023,9,33304543232,2.252,8,84.63909149,43944058880,82300000,13010400000,20671800000,492000000,2630300000,16060300000,Low Risk of Bankruptcy
TRMB,Trimble Inc.,Information Technology,Electronic Equipment & Instruments,3.76,3.43,5.23,12.41,0,5.64,2023,9,14239768576,1.484,2,53.20000076,18269720576,669300000,3188500000,9539300000,2437400000,518000000,3798700000,Low Risk of Bankruptcy
TROW,T. Rowe Price,Financials,Asset Management & Custody Banks,2.39,8.95,5.57,16.91,1,16.89,2023,9,24022775808,1.427,6,103.1065903,24647430144,2465000000,308500000,12278800000,9076100000,2038000000,6460500000,Low Risk of Bankruptcy
TRV,Travelers Companies (The),Financials,Property & Casualty Insurance,1.01,9.3,10.02,20.33,1,29.15,2023,9,55218700288,0.629,9,187.086792,55599710208,18537000000,8031000000,1.26E+11,45591000000,3747000000,41373000000,Low Risk of Bankruptcy
TSCO,Tractor Supply,Consumer Discretionary,Other Specialty Retail,3.43,8.19,4.47,16.1,2,14.33,2023,9,29852745728,0.799,1,40.98970032,28691613696,-561718000,5036018000,9188151000,6281959000,1478912000,14555741000,Low Risk of Bankruptcy
TSLA,"Tesla, Inc.",Consumer Discretionary,Automobile Manufacturers,3.31,14.08,7.85,25.23,3,49.93,2023,9,7.28E+11,2.29,10,248.4799957,1.24E+12,11896000000,13623000000,1.22E+11,35209000000,9340000000,97690000000,Low Risk of Bankruptcy
TSN,Tyson Foods,Consumer Staples,Packaged Foods & Meats,14.02,12.39,9.51,35.92,4,85.46,2023,9,22008092672,0.777,10,51.99721527,20210446336,1314000000,9787000000,37100000000,18873000000,1573000000,53309000000,Low Risk of Bankruptcy
TT,Trane Technologies,Industrials,Building Products,4.39,5.71,5.11,15.2,2,11.78,2023,9,84535984128,1.212,5,241.9421234,80135544832,0,4779800000,19391900000,9133700000,2801800000,17677600000,Low Risk of Bankruptcy
TXN,Texas Instruments,Information Technology,Semiconductors,7.76,5.96,6.93,20.65,2,30.44,2023,9,1.84E+11,0.976,8,164.5213013,1.62E+11,4140000000,11223000000,32348000000,52283000000,7771000000,17519000000,Low Risk of Bankruptcy
TXT,Textron,Industrials,Aerospace & Defense,10.92,16.08,6.61,33.61,2,80.08,2023,9,16617225216,1.231,4,80.34553528,13995025408,2531000000,3874000000,16856000000,5862000000,1164000000,13683000000,Low Risk of Bankruptcy
UAL,United Airlines Holdings,Industrials,Passenger Airlines,10.78,12.79,5.04,28.61,2,63.55,2023,9,17309820928,1.434,9,41.25999832,35271950336,3867000000,34417000000,71104000000,3831000000,5161000000,53717000000,High Risk of Bankruptcy
UDR,"UDR, Inc.",Real Estate,Multi-Family Residential REITs,3.72,3.91,6.29,13.92,1,8.57,2023,9,17647726592,0.841,9,36.32038498,15665021952,90436000,5984545000,11373242000,-3554892000,657460000,1627501000,High Risk of Bankruptcy
UHS,Universal Health Services,Health Care,Health Care Facilities,3.7,20.68,8.6,32.98,3,78.43,2023,9,15676926976,1.282,10,151.8120728,12691122176,1980388000,5366628000,13967602000,6798930000,1142637000,14281976000,Low Risk of Bankruptcy
ULTA,Ulta Beauty,Consumer Discretionary,Other Specialty Retail,4.08,7.25,4.28,15.61,2,12.91,2023,9,18704535552,1.312,3,489.9899902,18976786432,456145000,1911092000,5707011000,1286765000,1686539000,11207303000,Low Risk of Bankruptcy
UNH,UnitedHealth Group,Health Care,Managed Health Care,0.03,9.67,5.59,15.3,3,12.06,2023,9,5.34E+11,0.595,2,518.354187,4.88E+11,-17189000000,62537000000,2.74E+11,95774000000,32358000000,3.68E+11,Low Risk of Bankruptcy
UNP,Union Pacific Corporation,Industrials,Rail Transportation,7.3,10.55,5.6,23.45,2,42.06,2023,9,1.54E+11,1.053,1,240.301178,1.48E+11,2073000000,34179000000,67132000000,62093000000,9573000000,24119000000,Low Risk of Bankruptcy
UPS,United Parcel Service,Industrials,Air Freight & Logistics,4.17,8.91,5.49,18.57,2,22.59,2023,9,1.10E+11,0.977,9,149.9952087,95022743552,8951000000,26729000000,70857000000,21055000000,9358000000,90958000000,Low Risk of Bankruptcy
URI,United Rentals,Industrials,Trading Companies & Distributors,5.32,6.13,5.42,16.86,1,16.73,2023,9,51007975424,1.681,1,568.2553101,48719097856,1986000000,14789000000,28163000000,13813000000,4079000000,15345000000,Low Risk of Bankruptcy
USB,U.S. Bank,Financials,Diversified Banks,1.75,15.5,13.01,30.26,3,69.91,2023,9,69739225088,1.054,1,41.36656952,74763001856,69532000000,62935000000,6.63E+11,74026000000,0,28013000000,High Risk of Bankruptcy
V,Visa Inc.,Financials,Transaction & Payment Processing Services,1.81,8.22,6.65,16.68,3,16.22,2023,9,5.67E+11,0.963,3,258.3750916,6.73E+11,11142000000,20836000000,94511000000,17289000000,24557000000,35926000000,Low Risk of Bankruptcy
VLO,Valero Energy,Energy,Oil & Gas Refining & Marketing,20.15,7.42,4.99,32.56,2,77.18,2023,9,43507605504,1.381,5,125.3027039,45183008768,6071000000,12637000000,63056000000,45630000000,12360000000,1.45E+11,Low Risk of Bankruptcy
VMC,Vulcan Materials Company,Materials,Construction Materials,13.42,6.81,9.05,29.28,2,66.1,2023,9,32370546688,0.815,6,225.4043427,36010393600,1262700000,4385200000,14545700000,4615000000,1441200000,7781900000,Low Risk of Bankruptcy
VRSK,Verisk,Industrials,Research & Consulting Services,0.05,12.49,4.98,17.53,1,18.83,2023,9,38368903168,0.863,5,237.4412994,40861351936,0,3095400000,4366100000,6416900000,1142700000,2681400000,Low Risk of Bankruptcy
VRSN,Verisign,Information Technology,Internet Services & Infrastructure,4.74,10.77,5.79,21.3,1,33.12,2023,9,17847136256,0.903,4,205.9600067,21089144832,231700000,1797500000,1749000000,-13386400000,1051800000,1493100000,High Risk of Bankruptcy
VRTX,Vertex Pharmaceuticals,Health Care,Biotechnology,0.75,15.4,6.57,22.72,2,38.93,2023,9,1.26E+11,0.406,8,406.8900146,1.26E+11,11378700000,808400000,22730200000,10142400000,4423900000,9869200000,Low Risk of Bankruptcy
VTR,Ventas,Real Estate,Health Care REITs,3.42,3.89,5.56,12.86,0,6.43,2023,9,26731040768,1.388,3,48.17645264,25381464064,-293819000,13685630000,24725433000,0,534276000,4497827000,High Risk of Bankruptcy
VZ,Verizon,Communication Services,Integrated Telecommunication Services,3.74,9.59,5.39,18.73,3,23.13,2023,9,1.86E+11,0.407,1,34.72937393,1.68E+11,16025000000,1.75E+11,3.80E+11,82915000000,22511000000,1.34E+11,High Risk of Bankruptcy
WAB,Wabtec,Industrials,Construction Machinery & Heavy Transportation Equipment,5.36,11.99,5.98,23.33,2,41.6,2023,9,30504617984,1.273,5,126.2750854,35548569600,1321000000,4069000000,18988000000,5269000000,1310000000,9677000000,Low Risk of Bankruptcy
WAT,Waters Corporation,Health Care,Life Sciences Tools & Services,1.35,8.19,5.09,14.62,0,10.29,2023,9,19528284160,0.955,7,329.230011,24402726912,982351000,2442264000,4626854000,9150821000,835104000,2956416000,Low Risk of Bankruptcy
WBA,Walgreens Boots Alliance,Consumer Staples,Drug Retail,1.79,9.29,5.18,16.25,3,14.82,2023,9,7821272064,0.683,7,24.13572502,8611284992,-5856000000,32852000000,81037000000,23348000000,-13737000000,1.48E+11,High Risk of Bankruptcy
WDC,Western Digital,Information Technology,"Technology Hardware, Storage & Peripherals",1.48,3.91,6.05,11.43,2,4.2,2023,9,22630051840,1.38,8,52.36999893,22180737024,2994000000,7434000000,24188000000,6775000000,-244000000,13003000000,Moderate Risk of Bankruptcy
WEC,WEC Energy Group,Utilities,Electric Utilities,13.36,8.96,5.13,27.46,1,58.73,2023,9,30387875840,0.435,4,80.99079132,31750627328,-59900000,18797900000,43939700000,7612800000,2263200000,8893000000,High Risk of Bankruptcy
WELL,Welltower,Real Estate,Health Care REITs,4.24,3.49,5.5,13.23,1,7.15,2023,9,78689722368,1.201,3,88.09092712,86911950848,4637336000,16118779000,44012166000,-7628729000,957893000,6478231000,Low Risk of Bankruptcy
WFC,Wells Fargo,Financials,Diversified Banks,2.05,14.75,19.43,36.24,5,86.5,2023,9,1.86E+11,1.161,5,47.95256805,2.62E+11,2.91E+11,2.19E+11,1.93E+12,2.01E+11,0,82597000000,High Risk of Bankruptcy
WM,Waste Management,Industrials,Environmental & Facilities Services,8.09,5.24,3.32,16.65,2,16.09,2023,9,83601956864,0.753,1,176.5678101,89628442624,1922000000,16229000000,32823000000,14334000000,3521000000,20426000000,Low Risk of Bankruptcy
WMB,Williams Companies,Energy,Oil & Gas Storage & Transportation,8.72,10.13,2.96,21.82,2,35.38,2023,9,55497883648,1.079,3,33.33548737,68733878272,2174000000,26462000000,52627000000,-12287000000,5641000000,10907000000,Moderate Risk of Bankruptcy
WMT,Walmart,Consumer Staples,Consumer Staples Merchandise Retail,5.86,12.36,7.05,25.26,3,50.05,2023,9,6.32E+11,0.515,3,51.92758942,8.13E+11,0,61321000000,2.52E+11,89814000000,24531000000,6.48E+11,Low Risk of Bankruptcy
WRB,W. R. Berkley Corporation,Financials,Property & Casualty Insurance,1.97,7.95,11.91,21.83,1,35.44,2023,9,22357321728,0.623,9,46.01013947,22972706816,7680824000,2837041000,37202015000,11040908000,1881862000,12111139000,Low Risk of Bankruptcy
WTW,Willis Towers Watson,Financials,Insurance Brokers,0.07,7.83,10.76,18.66,2,22.89,2023,9,29749815296,0.745,7,238.2335968,32465829888,-6059000000,5941000000,29090000000,1466000000,1514000000,9483000000,Low Risk of Bankruptcy
WY,Weyerhaeuser,Real Estate,Timber REITs,9.05,4.18,3.45,16.68,2,16.23,2023,9,24183224320,1.418,3,33.75635529,21862451200,1460000000,5088000000,16983000000,2009000000,1217000000,7674000000,Low Risk of Bankruptcy
WYNN,Wynn Resorts,Consumer Discretionary,Casinos & Gaming,3.37,11.75,10.58,25.7,2,52,2023,9,8879360000,1.799,8,90.12113953,8974082048,3112596000,13370086000,13996223000,-2066953000,1036892000,6531897000,High Risk of Bankruptcy
XEL,Xcel Energy,Utilities,Multi-Utilities,12.7,9.26,4.49,26.45,2,54.78,2023,9,35992227840,0.397,2,59.61950684,38768627712,210000000,27514000000,64079000000,7858000000,2629000000,14206000000,High Risk of Bankruptcy
XOM,ExxonMobil,Energy,Integrated Oil & Gas,23.11,10.01,8.48,41.6,3,93.17,2023,9,5.07E+11,0.878,7,96.68203735,4.77E+11,40211000000,41573000000,3.76E+11,4.54E+11,53632000000,3.35E+11,Low Risk of Bankruptcy
XYL,Xylem Inc.,Industrials,Industrial Machinery & Supplies & Components,4.27,8.66,5.19,18.13,1,20.92,2023,9,32338771968,1.037,3,113.1117096,31790565376,1898000000,2390000000,16112000000,2601000000,684000000,7364000000,Low Risk of Bankruptcy
YUM,Yum! Brands,Consumer Discretionary,Restaurants,4.53,11.45,4.12,20.1,2,28.34,2023,9,37833572352,1.081,2,128.1105194,36325404672,824000000,12031000000,6231000000,-7616000000,2331000000,7076000000,Moderate Risk of Bankruptcy
ZBH,Zimmer Biomet,Health Care,Health Care Equipment,3.6,14.52,7.89,26.02,2,53.22,2023,9,21635987456,1.026,2,120.6618118,21450223616,1372900000,5912600000,21496900000,10384500000,1268500000,7394200000,Low Risk of Bankruptcy
ZTS,Zoetis,Health Care,Pharmaceuticals,3.24,6.81,8.72,18.77,2,23.36,2023,9,88666619904,0.883,3,194.8453522,78172274688,3264000000,6755000000,14286000000,10295000000,3175000000,8544000000,Low Risk of Bankruptcy
